"baseMean","log2FoldChange","lfcSE","pvalue","padj","gene_id"
1471.61884381548,-2.06495272248213,0.425552283274196,1.82101251059668e-07,3.85893974672032e-06,"g10"
591.088505059835,-1.91437117344808,0.485341211964088,1.32611353869348e-05,0.00016616779210933,"g11"
677.788369898577,1.39645739075798,0.622427422222119,0.0063601420506908,0.0263361054455329,"g16"
96.3889552258962,5.26196373287924,0.732475304359498,5.73294979985134e-14,6.88431721798815e-12,"g17"
16.2282600673305,1.67165370775675,0.926692147268687,0.010572585836538,0.0382791361569128,"g20"
235.239539458476,-1.56303101171868,0.562883296697447,0.00118189683292373,0.00657572716696177,"g24"
2982.51107186174,-2.05591233878804,0.775431180466157,0.000934500862406578,0.00541196548112286,"g25"
21.4268976742198,-1.60098120579788,0.790478191700367,0.00776547698948846,0.0304906058361114,"g26"
7.60017515604963,3.2748022424608,1.75132971890404,0.00384047803086333,0.0174763558446205,"g60"
31.7530624244787,2.31871359384816,1.27711808058434,0.00492557642561257,0.0214433704812922,"g121"
3670.18926904979,-2.29808120900762,0.828247102245424,0.000523759889467273,0.0033693660746533,"g129"
76.6365346618995,-1.80583369119862,0.621663738649522,0.000590637420867793,0.00371663110685803,"g134"
179.57301186349,-1.63353875668759,0.56220909158187,0.000739571424494422,0.00450457906171352,"g144"
58.8218729658596,-1.57058149752886,0.905753864499767,0.0131549238275827,0.04502671077327,"g146"
1192.58073512929,-3.10765374560684,0.493102111491184,2.5578355642166e-11,1.47433641921445e-09,"g153"
730.837852514249,-2.0979863970513,0.435869686117374,2.1699676942364e-07,4.46703349627807e-06,"g161"
6215.6602370431,2.01659146023944,0.859986124780515,0.00233541425591132,0.0114467072883272,"g171"
9683.93268168634,1.32786418710933,0.365232376738862,9.48143713373651e-05,0.000848618068926355,"g173"
82.866521539331,-10.7355097998627,3.13322963833756,3.190235687858e-12,2.29856481310169e-10,"g177"
258.923337872852,1.00345724473229,0.414189227067634,0.00696565230978489,0.0280469934124183,"g179"
18.9732295487679,-1.52877821776385,0.837452168618266,0.0119923704473584,0.0416409778666107,"g199"
136.417244015078,4.49934139128966,1.10919328839352,2.51814347829821e-06,3.94417907850839e-05,"g208"
20.5902322606247,3.91832319811419,1.10102032732567,2.90411986978797e-05,0.000317033085785187,"g209"
656.897591053001,-2.2188187853952,0.590894005009055,2.13704646143498e-05,0.000242479051254158,"g212"
74.0064525976265,-5.01082340153532,0.865096880349201,3.08197346463289e-10,1.3878511757925e-08,"g213"
36.6426107591155,-2.90812948157432,1.05685077400971,0.000436665735572223,0.00287322066191586,"g214"
3791.79539716924,1.83543613475095,0.471195077712578,1.8941551363195e-05,0.000221908744019219,"g221"
398.993335884632,1.67549313145104,0.460059833374701,5.68073045460884e-05,0.000560680314047352,"g222"
116.33392025442,1.26156175474907,0.512741958846758,0.0043715063062792,0.0195026024376109,"g228"
71.3886800345594,-1.52605574610136,0.843781231280101,0.012156787589744,0.0421104108577431,"g270"
5689.635688916,-1.530596286538,0.56923714733988,0.00146663068736129,0.00794516849807376,"g271"
432.233455273507,-1.46544010907164,0.607199060216639,0.00357649867566239,0.0164656057240559,"g272"
766.735316885232,-1.51701740899288,0.515136655670719,0.000740864148248511,0.00450457906171352,"g295"
413.448136720724,-1.7468117991835,0.431322301327839,1.03707589757199e-05,0.00013343092575011,"g298"
1108.32108851145,-1.17105602423283,0.454140077360728,0.00352896558743372,0.0163512521269839,"g302"
358.518747840941,-1.26991509889674,0.487487813279248,0.00286078858683303,0.0136956689489249,"g308"
417.401092913477,-1.31492423600317,0.47795219633523,0.00176500477050437,0.00921511548658257,"g309"
190.334876506583,-2.31586991278729,0.920119418372228,0.00105012496947668,0.0059575987441571,"g323"
198.093975621715,3.1991473676979,0.592108893570717,5.63390358233429e-09,1.76488153524863e-07,"g325"
1041.94570422839,1.68492340687306,0.569934020749606,0.00060716622808312,0.00378756075613756,"g332"
846.660535723358,1.2588968952443,0.565035399640358,0.00796083895699048,0.0309657050965128,"g333"
22.1107982557536,3.40868814690385,0.971990234219368,3.3242264940043e-05,0.000357478386407478,"g335"
452.537480229104,-1.34696881256713,0.60593695513958,0.00678621239041394,0.0276241018491144,"g337"
1327.31814466137,-1.65965478635917,0.555799927969017,0.000547085284685823,0.00347290702745494,"g341"
239.127570350312,-2.38412406715601,0.609182488455544,1.00102556314292e-05,0.000129952958242247,"g342"
203.216465770432,1.06039199237719,0.483384422734896,0.0115317707339726,0.0407286314403297,"g344"
36665.467666386,4.17405709113637,0.530019204176671,2.87004610529218e-16,6.89289406287671e-14,"g348"
3093.00110018127,1.87157956229577,0.52853654750671,7.13711695591645e-05,0.000672195132906903,"g353"
15.4253688120033,4.59230284704818,1.73568629844504,0.00053961154410186,0.00344814098290406,"g354"
297.437077522457,-1.20305721600769,0.422897972650645,0.00156738313447762,0.00833431401026658,"g365"
17.156967039477,3.3273179160024,1.08541689504287,0.000160902931764679,0.00125330337661028,"g366"
78.8744414096456,5.63578778069547,0.733544143015127,2.26607102444656e-15,4.66486906603928e-13,"g369"
164.125924958644,-3.52231104519018,0.719863173641538,7.58341657185394e-08,1.76253278710347e-06,"g374"
340.517570779807,-1.89073293714095,0.515729340243463,4.01553064844781e-05,0.000421618230764506,"g375"
918.506308422998,-1.85029437369952,0.564751312513954,0.000171583355393272,0.00132220115038345,"g383"
226.526596193542,-1.31029605667847,0.535139431429048,0.00410913121920972,0.0185619375764301,"g388"
401.514511560343,-1.09380401748041,0.520693745207559,0.0131937262850003,0.0450525108452261,"g389"
704.708373011617,-1.8059219208923,0.553320682909783,0.000184899576758449,0.00140526035828003,"g392"
13647.4668692316,3.47282754138512,0.570278941630808,8.9929151998719e-11,4.6281395725055e-09,"g393"
226.92832587797,-1.61272379934181,0.55337446165917,0.000737749326135514,0.00450457906171352,"g403"
844.547265394295,1.25786109408787,0.403109587268258,0.000604636305635482,0.00378756075613756,"g405"
799.396372493623,1.47577146270294,0.465267739232921,0.000395618046184117,0.00267924857550736,"g406"
15932.7049211025,2.56302470861077,0.798813037086493,0.000136395939707427,0.001113717999833,"g418"
45.8355509721186,2.87870524253285,0.892354465431827,9.71881141880845e-05,0.000861107626851671,"g422"
9298.20005174239,-2.19940398175225,0.525866458027888,3.71478850717596e-06,5.46225534575567e-05,"g436"
2346.34105715013,2.20035687935994,0.365909862233127,2.62454775417486e-10,1.21999139153741e-08,"g442"
260.881222374324,1.9387472694422,0.447548255941333,2.56252785346254e-06,3.97054046971992e-05,"g443"
34.2667092506429,1.80724658590494,0.662512345112282,0.00107493404654955,0.00607443121991336,"g444"
2855.85632332129,1.22993246518444,0.45400188256351,0.00232775336163091,0.0114467072883272,"g467"
216.968522994088,-1.6003900427689,0.469789068709937,0.000145622331843003,0.0011657876676987,"g468"
1060.25677460146,-1.17300273500077,0.430745974638123,0.00232170300394206,0.0114467072883272,"g469"
3080.09730089379,-2.13127530469698,0.536011515950851,9.2759073660373e-06,0.000122629197380365,"g470"
5.54114477321469,5.0099872911886,3.42393868876066,0.00257004199006539,0.0124276191533027,"g474"
6.54198260168266,-2.27485667948332,2.3998855690227,0.0149468846594776,0.049742403682003,"g479"
344.902811726502,-3.38756862478047,0.734941357014249,2.8598480875844e-07,5.72366818640156e-06,"g497"
156.13209625428,-1.84396596553625,0.978376574262372,0.00673915777462888,0.027588427139887,"g508"
4362.98244862417,-1.23726661478345,0.561075843460289,0.00819428586689391,0.0316567451318877,"g511"
1173.9706701016,1.01115214928434,0.400672369703623,0.00540163137547032,0.0233046431498585,"g520"
1123.90738778061,-1.45593996548655,0.416298604230052,0.000123656027517326,0.00103432838063561,"g521"
61.2844155699006,-1.84427955016159,0.813253372236819,0.00322912503181721,0.0152064351988516,"g530"
341.586137708439,-1.78346399011949,0.635043858507222,0.000817816333777738,0.00486536593006627,"g531"
754.44949951879,-1.38282781700724,0.441853892861688,0.000490471238815119,0.00319805002322437,"g534"
3238.40100531417,1.52877283204554,0.567340718868915,0.00162129067020514,0.00858926417560884,"g540"
43.5093776743301,3.78108447374944,0.742726065349776,2.78006307988687e-08,7.41864981132773e-07,"g560"
43.7925850726409,2.34623621355825,0.718907697137684,0.000124176828487135,0.00103432838063561,"g561"
48.6874628396848,1.74400664110401,0.643085722571767,0.00117380314162747,0.00655600901971001,"g562"
791.862406259816,1.41340617059247,0.423018461108461,0.000239386685922828,0.00175104677367916,"g594"
260.128286862433,2.04775072132732,0.481531149851422,3.26242111311585e-06,4.95013905237533e-05,"g595"
57.4260756196386,3.56894898454104,0.785935744045127,4.15296766997865e-07,7.97923521658565e-06,"g597"
153.202168252369,-2.77102023055196,0.821413467683827,5.78769861385405e-05,0.000567351952555352,"g599"
553.561441907612,-2.00179007824564,0.494814154430368,8.01083211906571e-06,0.000109939134129273,"g600"
21.8862017361403,1.55831448416063,0.813274757959378,0.0101410598756635,0.0372787430633447,"g611"
1493.96896871427,-1.79219264721927,0.434129361350397,6.87432173984733e-06,9.52490156453846e-05,"g614"
477.623794629668,-2.22792628741345,0.432525216056962,3.50869378735111e-08,8.71728921995337e-07,"g615"
240.407991263428,-2.29493687892449,0.422181914722603,7.16084417636232e-09,2.17819018849097e-07,"g619"
37401.7327523023,2.21543240442101,0.424432604694134,2.61756663369348e-08,7.11681796066472e-07,"g621"
8.69479805287795,4.65599556917545,1.7587876206625,0.000396030497281796,0.00267924857550736,"g631"
1390.93654914427,-1.09737681607026,0.438967146055888,0.00487222839153178,0.0214051253420649,"g638"
562.590705244089,-1.36950010020749,0.394309336539793,0.000151938662056128,0.00120298687924659,"g649"
763.347579553951,-2.09769787275658,0.404753790843683,3.29091869612899e-08,8.31967340547697e-07,"g652"
282.911295192433,1.18677202529458,0.420830039256847,0.00175769273287322,0.00921030992025566,"g654"
1194.24724445592,1.47049302395118,0.404114494589174,7.5563349839003e-05,0.000702495400761312,"g655"
3015.5184004296,1.40523375305305,0.367223253466662,3.73835321038295e-05,0.000399034590826803,"g659"
59.2440978399256,-4.93407139316738,0.916903961298779,3.02018487579693e-09,9.92070534785709e-08,"g666"
123.398089294074,1.65465815771503,0.871764081926226,0.00884765658651674,0.0334631840975607,"g678"
120.021020803458,-1.77480293602653,0.889833655260375,0.00600983535816914,0.0251019500032514,"g685"
12.2773821317725,2.6372162259526,1.19570361925938,0.00210455287636293,0.0106037087232132,"g690"
9635.44352596046,1.27378607736541,0.61239178013155,0.0105376702680661,0.0382791361569128,"g691"
20.9018063951987,8.31087654424702,2.94979826538447,6.64679070645135e-07,1.16805187902395e-05,"g696"
66.4576415252939,-1.15286274937295,0.562694287276688,0.0134647514275151,0.0456534277812923,"g698"
10861.1983172401,-1.70008372137362,0.535763806702293,0.00026124362919219,0.00188226034832973,"g702"
4700.50406642612,-2.56883049276589,0.47080451276422,5.23759030429825e-09,1.67719280633195e-07,"g717"
14640.1411765134,-1.52609821086685,0.426086305854954,7.36009202653695e-05,0.000688694325340243,"g718"
1094.5150958738,2.63847867610569,0.503125949223412,1.7287194188005e-08,4.79054746632983e-07,"g720"
756.931791399618,-1.12306180307262,0.388034782185249,0.00149728266360895,0.00808084014329775,"g742"
3198.84739515424,1.11928412843308,0.334900021882192,0.0003382249225479,0.0023637594151964,"g744"
249.451307361617,-2.75898214418543,0.812214902945025,5.45269102088765e-05,0.00054946347979714,"g745"
7251.22561818328,-2.52952789021182,0.626738834085622,5.18462641936363e-06,7.39707591119109e-05,"g746"
46.7682986634701,-6.68778645892989,1.26407495362729,4.06337545736306e-08,9.92427802383079e-07,"g762"
177.781115636827,-1.92326601689278,0.473665574906108,8.23352636289775e-06,0.000111929353669204,"g767"
1402.84378111604,1.11201145081646,0.379425835199067,0.0014234883791821,0.00782918608550156,"g773"
10303.6606060884,1.0447071359836,0.403439488705982,0.00488998532722678,0.0214178384697076,"g774"
1795.98414069251,1.17037799195073,0.327145426937812,0.000137658228127858,0.001113717999833,"g777"
29.9517502205813,4.61796378222986,0.964982636493466,1.64163353161454e-07,3.58423321069174e-06,"g778"
247.29024902198,-2.48084322212883,0.782575807416621,0.000138345261603127,0.001113717999833,"g789"
107.992442385772,-1.55501987250111,0.537908961192853,0.000846523648996449,0.00499934663198313,"g800"
1005.69160643067,1.38026716326674,0.449017203635564,0.000620882820966409,0.00385643165953705,"g820"
1021.23269498796,-4.07824372884432,0.564800919241094,3.42973845693938e-14,4.94225311644964e-12,"g826"
5249.1961805383,-1.97874595296225,0.60369057978697,0.000133580154004616,0.00110625863172788,"g834"
6627.05749278724,-2.45226681213386,0.600707822457316,4.74490536437062e-06,6.90647336369502e-05,"g835"
239.978875922998,-3.55188748721754,0.634362327991664,1.70665593880467e-09,5.99827123857934e-08,"g837"
452.518747410899,1.94232326113877,0.559117933746906,8.07077550021504e-05,0.000745512018962171,"g842"
41.883837129008,1.61480825111911,0.730568611792314,0.00491814341092296,0.0214433704812922,"g844"
5425.20150845551,-1.41565724917495,0.728984319203927,0.0109462750745865,0.0390435207487108,"g846"
2325.02701102226,-1.74128066381054,0.522191913196927,0.000157287409253493,0.00123179976486024,"g852"
1413.46099879701,1.19182869642238,0.348800442744984,0.000237416254084216,0.0017454939904865,"g861"
118.932987896482,4.72149759996924,0.866668100407775,3.02922300697926e-09,9.92070534785709e-08,"g865"
36.281358424183,1.89411215463577,0.786121631667715,0.00218150891075253,0.0109531510118272,"g923"
784.757352108022,-1.01045106870887,0.361986432306298,0.00238351121990378,0.0116428463318012,"g936"
419.151241399048,-1.78778062816483,0.452305040744768,1.43366102265355e-05,0.000175076740139302,"g937"
2511.53267490833,1.00415430192083,0.354460335745444,0.00222909060594273,0.0110762743557361,"g941"
250.450476699525,1.02604679147962,0.410545398324642,0.00548110691383738,0.0235769404860886,"g942"
22.109180679456,3.81443226781446,1.06223629537382,2.50403140220007e-05,0.000281899160200805,"g944"
102.181611083747,1.00384622644642,0.441184291653068,0.0102753711772392,0.0376763609832102,"g950"
137.558149760053,-1.1960143191192,0.540465018232695,0.00883919399102696,0.0334631840975607,"g952"
179.187324220961,-1.19458460258432,0.47535585066553,0.00409342510788211,0.0185491370454658,"g959"
4066.26294911217,-1.62320093619138,0.444976544205719,5.56177879383687e-05,0.000553036794886528,"g962"
671.723093271863,-4.68894209839162,0.769656167585019,6.59116410334848e-11,3.65302595112506e-09,"g967"
676.934970922072,1.07661507685862,0.349458550978927,0.000902726908131395,0.00526651609156818,"g970"
991.994602156131,-1.50361244283994,0.512764191137823,0.000770500556557719,0.00464557030125386,"g977"
192.34455831648,-1.04981098685298,0.45346599817539,0.00851532634021323,0.0325479715019821,"g978"
605.310635667583,-1.43546251632059,0.412436630644921,0.000137104113013481,0.001113717999833,"g992"
1326.64194954917,-1.59753733163171,0.386912934880642,8.67978044200275e-06,0.000115810774230796,"g1009"
288.075154090348,2.53006719839825,0.470691621132945,8.95936774663148e-09,2.63478549446856e-07,"g1013"
261.20089326998,1.42925659361192,0.382965746727427,5.40505644867461e-05,0.00054849903820705,"g1018"
1093.33594844245,-1.63618080850671,0.5381114273235,0.000474837821597668,0.00311018773146473,"g1020"
365.453737527594,-1.91484607705663,0.609030983136177,0.000252320998250401,0.00183633615393347,"g1023"
582.237169335207,-3.25633321281212,0.576899706889319,1.35518954601427e-09,4.88207033951642e-08,"g1024"
1597.60362044266,-1.50360836156946,0.41214663239406,6.63713515209017e-05,0.000637607450277462,"g1027"
68.891734238673,-1.44875672017395,0.59694114632906,0.00365490334152878,0.0167729799845318,"g1029"
120.854147293478,-4.16834824196626,0.729860819739691,7.06105176691682e-10,2.74999340435869e-08,"g1031"
1752.10309319541,-1.62780443292196,0.383116647734636,4.9997413096251e-06,7.20462722716977e-05,"g1060"
536.812506534102,4.92071146802583,0.519735884350786,2.03488630163687e-22,2.93227116065873e-19,"g1073"
257.79956856799,1.73952861160784,0.477910915302801,5.33955830128054e-05,0.00054569528454931,"g1074"
45.2982684092749,9.77740236300704,2.9736018344656,3.91132777386659e-10,1.64622370147198e-08,"g1076"
4380.38431902699,1.11230184086331,0.339080301154994,0.00039811516114921,0.00268076610848604,"g1086"
39.6665356450838,3.8282276552533,1.02603746592544,1.26627029706074e-05,0.000160061008602152,"g1087"
343.380743696507,-1.19994253299638,0.565745115376499,0.0107549400196184,0.0386480512924441,"g1096"
193.083088175688,-1.72602712459528,0.642207757081641,0.00120840173027718,0.00669733420511317,"g1100"
71.4739017917022,4.99685008667162,0.759864077098074,3.70777749205213e-12,2.54424160287958e-10,"g1104"
10.9025094324068,3.13199354976834,2.85088875552328,0.00721882632602761,0.028735714739795,"g1105"
102.34970778408,3.60148840424666,0.77707828286538,2.53548246732609e-07,5.14595807805196e-06,"g1107"
43.11768035808,9.74106632957134,2.92866511273957,8.61279145299812e-11,4.5966786976927e-09,"g1109"
40.3880349023163,2.35571243854801,1.01366434868777,0.00174928789872257,0.00919972212430374,"g1110"
2544.68999129597,-1.45806554662777,0.630870786986332,0.00449342619542967,0.0199231604541974,"g1163"
165.765117010744,1.64538178708124,0.494243206221375,0.00018639411981847,0.00140625092491317,"g1174"
384.179405294433,-1.22642267996794,0.468864381858489,0.0029326049124094,0.0139468108210625,"g1180"
437.962079125387,-1.8360007778776,0.383326113206452,3.10049807981993e-07,6.0375915311088e-06,"g1182"
445.83191334668,-1.5062074260181,0.426079207159673,0.000101149409275341,0.000883371507671311,"g1202"
94.786675937548,2.03211751120749,0.604089604658926,0.000111600402584,0.000955181492488409,"g1206"
5031.73028895889,1.12768056656358,0.460285105957194,0.00597544825587218,0.0251019500032514,"g1207"
21.8079611154929,3.16511267320277,1.09963010565081,0.000279912408115051,0.00199320987457389,"g1214"
11.5538164298132,-2.08264612378812,1.59488795290904,0.0128328142181154,0.0441338551033514,"g1216"
1043.75622026036,-1.60366581096833,0.65254390853066,0.00258962534677209,0.0124804351996608,"g1224"
134.619622653315,-1.95127557698807,0.643488962477045,0.000352659828700566,0.00244318660171882,"g1225"
154.995545771636,5.06824960246015,0.551047041508019,3.18001240336352e-21,2.29119893662341e-18,"g1229"
1313.27203862151,1.51493612724122,0.391602013727844,2.88550701106983e-05,0.000317033085785187,"g1230"
1179.72871880139,-2.07449306000612,0.340545842678273,1.74329039323724e-10,8.3736048555162e-09,"g1231"
27.357512793593,1.54228617495257,0.709215881884244,0.0059481663152456,0.0251019500032514,"g1235"
3564.20954289579,-1.11439364485256,0.330491480680694,0.000303614504050405,0.00214464951145409,"g1242"
60.271650530946,-1.25267035455826,0.583535667574117,0.00925775151976299,0.0347406769270273,"g1248"
65.4233963469231,-1.73033589857549,0.669004255841534,0.00169157944492985,0.00892881311408029,"g1254"
34.2570747348126,-8.98493628881983,3.17019007188876,5.55938979849911e-07,1.01406084805534e-05,"g1255"
31.2264410530936,-2.09976924407727,1.09461860546608,0.00483419261332439,0.0213683176558296,"g1256"
3661.85711528479,-1.2079530077379,0.571865176355155,0.0105518341237827,0.0382791361569128,"g1259"
1601.56984172402,-1.29125254147294,0.564039544726957,0.00599642755583121,0.0251019500032514,"g1260"
200.145313329331,1.64743071863953,0.889875816160745,0.0096277396635134,0.0355732637310841,"g1267"
33.9313331785289,2.36352710481607,1.46977686653028,0.00627133146734444,0.0260431949407589,"g1271"
254.97938540526,3.00800829048967,0.882596843617344,4.73428530322903e-05,0.000487293222996645,"g1273"
752.323254796748,2.03764997043316,0.341670955997407,4.16527101324899e-10,1.6672654250255e-08,"g1282"
2330.73674950419,1.7236766054468,0.616909925842756,0.000956402607976962,0.00551270463237921,"g1283"
22.3466807350783,2.09329064813682,0.894419427714102,0.00230302673676248,0.0114043351466486,"g1292"
617.917163650679,1.89773455692347,0.353915252217105,1.52513779453902e-08,4.39544712386145e-07,"g1293"
129.61617934924,1.04509911349265,0.441983544621962,0.00774695224612638,0.0304906058361114,"g1296"
879.490132560424,1.60808726459466,0.446069752751044,7.0207766311611e-05,0.000665588100362049,"g1302"
373.294734996074,-3.85372846484813,0.571984613506628,1.30477123562472e-12,1.04657651650036e-10,"g1306"
708.549303944229,-2.98754984323386,0.44955683772592,2.91348420108335e-12,2.20964775461111e-10,"g1307"
2273.62393232498,-2.77321970876457,0.380052102002496,3.13173077040164e-14,4.94225311644964e-12,"g1308"
5.96028231953133,3.25323841742792,2.42416715550117,0.00551877591910872,0.0236683217245109,"g1309"
967.395264801825,1.01916654156016,0.346529723722379,0.00152999125395122,0.00822655745128248,"g1314"
41.010220355461,2.30437793467668,0.758145750735644,0.000262551555610474,0.00188227259519748,"g1315"
113.711185321106,1.79645715754889,0.751635187387474,0.00255652850932233,0.0124038975822676,"g1316"
274.932787767821,3.21793151228866,0.499813232652752,1.04150706755436e-11,6.82187129248107e-10,"g1322"
1322.89903110646,1.50650175037656,0.426871066270997,0.000107262245195258,0.000931113827267269,"g1323"
2229.89150637757,1.30493133804674,0.47113863059857,0.00187835675880707,0.00967879866771382,"g1325"
4098.75220965651,1.4524208078126,0.381354289228449,4.03770408365731e-05,0.000421618230764506,"g1326"
483.732516369065,-1.57598853072927,0.452576752204331,0.000112023367266163,0.000955181492488409,"g1328"
6628.71434564454,-1.48061105643814,0.710710668230605,0.00725270582844818,0.0287910443492943,"g1332"
37.6214889840607,5.98475429057903,1.01349772629746,1.03169700541312e-09,3.91230364421133e-08,"g1337"
228.43794577795,1.15489973614638,0.444927843332425,0.00355588741950553,0.016423185165088,"g1338"
431.148574614042,-1.33343076388233,0.444630122037851,0.000796337149738364,0.00476150138080076,"g1369"
288.411392818085,-1.8836572748139,0.593368538273592,0.000230469600459168,0.0017031112526239,"g1373"
36.4289283126294,-2.23726979288364,0.698296347791642,0.000169668381699383,0.00131447386036995,"g1374"
1788.90894945671,-1.55253763916944,0.495564723086724,0.000390032341160946,0.00266368058584324,"g1376"
204.885293298141,-1.92604686658665,0.5090068919815,2.52561172498204e-05,0.00028212453455032,"g1377"
3096.18033537436,-2.16579712669093,0.710621942340186,0.000255794418706115,0.00185226008721363,"g1379"
93.6016934222758,-1.48499913802364,0.517042074438681,0.000992659947098644,0.0056762816816236,"g1389"
64.4101294103223,3.25128671377253,1.2705046977414,0.000540791021607437,0.00344814098290406,"g1390"
324.715689408158,-4.17608805114141,0.58126811370256,5.40140505012286e-14,6.88431721798815e-12,"g1426"
210.835620809885,-1.60266462565896,0.518899178986992,0.000425909171975726,0.00281529870099551,"g1428"
93.7952774825829,-1.13368513827812,0.504743632381025,0.00897301800731464,0.0338484789228806,"g1429"
113.163249861944,-2.80431316643291,0.556450737271995,4.82947637481067e-08,1.1598792426837e-06,"g1437"
2952.12815897719,1.57240646949511,0.348742806913337,1.6300125421422e-06,2.60983119247434e-05,"g1438"
885.221491969444,3.9382190212042,0.698631042658717,1.18517798968789e-09,4.37908072600062e-08,"g1440"
17.9791932752827,-1.73092055100767,0.979667176991862,0.0104489472685441,0.0381188177568913,"g1449"
992.976809112604,-3.69359149825454,0.423271138347162,2.06520949991179e-19,7.43991722343221e-17,"g1455"
1342.08202371078,1.36994892732495,0.392526684244784,0.000148623225115792,0.00118323794139147,"g1477"
1319.26530613636,2.16775870558973,0.443377176669558,1.61789610045978e-07,3.58423321069174e-06,"g1482"
77.7192201323884,-2.90298978129347,0.606495568767856,1.46932028349576e-07,3.30826645080842e-06,"g1489"
26.9443047947373,-2.64957794817438,0.966189261875626,0.0004990609402486,0.00323940006710915,"g1490"
2916.95830164143,2.38482828110692,0.335968024321416,1.79714145424482e-13,1.72645389037786e-11,"g1493"
1418.76460599782,-1.24498973119388,0.50711768370496,0.00441228599236052,0.0196237781326899,"g1495"
1030.73356678994,-1.9527094860607,0.422117051106662,6.16538751477452e-07,1.11054042609876e-05,"g1509"
551.184910125334,-2.36053386505665,0.53266071495139,1.08828293236522e-06,1.82350663434684e-05,"g1511"
149.282465942376,-2.01965151529196,0.51825667478469,1.47110938698625e-05,0.000177657157880488,"g1512"
9.10592759186172,6.04212136722416,3.4467395203466,0.00109444764746575,0.00615512413652053,"g1515"
417.097048822524,1.3259977135911,0.532424432556041,0.0036669505062453,0.0167748434269825,"g1523"
29.2114376585591,1.62791151144453,0.862341153316749,0.00956107381407116,0.0354177567251325,"g1593"
181.42245946432,2.7223791783758,0.811239431417545,6.81436511377053e-05,0.000650298021784326,"g1603"
28.1251793999001,4.27563013373914,1.31162719261621,6.58581541928053e-05,0.000636923491220352,"g1607"
563.659871109679,1.22958898476208,0.333216118968262,8.25611396604818e-05,0.000757774536629008,"g1613"
58.9833154294338,1.88998648460669,0.555306383575082,0.00011192520218466,0.000955181492488409,"g1614"
87.5097679108535,-1.46932063175979,0.46520715163687,0.000410767081042149,0.00275210406571157,"g1618"
1019.06439331885,-1.40359823194739,0.349828360392336,1.75480138129281e-05,0.000207267933642864,"g1619"
1229.90445815604,-1.65582454657461,0.360174416129837,9.53567104597675e-07,1.62009595528684e-05,"g1624"
389.930427924366,-1.46890457550071,0.335492906435119,3.26345045090671e-06,4.95013905237533e-05,"g1627"
1935.75225785505,-1.41026751678618,0.321902169535762,3.45505825582949e-06,5.132720563557e-05,"g1628"
847.258787499585,-1.23265684517425,0.399650635911475,0.000710939707060327,0.00437805178578603,"g1631"
81.3434388131451,-2.07446045287513,0.488905224147058,3.38275562181918e-06,5.07765713650149e-05,"g1635"
68.3332764956167,3.32737455521588,0.654272334355963,2.87518150973111e-08,7.5329755554955e-07,"g1640"
3073.49608941939,-1.98726383362527,0.689136494389926,0.000512118534096891,0.00330925025844673,"g1644"
736.950342572034,-2.31267677817608,0.339665269672933,1.30731278952162e-12,1.04657651650036e-10,"g1646"
175.091219049865,-2.5672988276007,0.453522143811594,1.8072027897843e-09,6.20042671447424e-08,"g1647"
9116.57349930832,2.84129151055232,0.600565623123041,2.10669103828523e-07,4.39962577705655e-06,"g1652"
1107.6512075204,3.84017563909997,0.539596654751118,8.34419713300327e-14,9.24922159127517e-12,"g1653"
20094.2917430659,2.82782341240162,0.6378278475668,9.55642999301744e-07,1.62009595528684e-05,"g1654"
1089.05694213796,2.59508180482808,0.659145223855723,8.43600481202276e-06,0.000113610120879671,"g1655"
831.472138999269,-1.94809200064954,0.568234585530765,9.11585009491732e-05,0.000831388606757965,"g1661"
255.536004905024,3.39016221396478,0.635180100401496,7.25559535375203e-09,2.17819018849097e-07,"g1673"
1944.56325496522,1.32177120074076,0.435532196520179,0.000758680210133989,0.00459352177648352,"g1674"
563.749856404553,1.1106651447033,0.34621752117304,0.000561629878304231,0.00354959936244034,"g1677"
1249.26452106962,1.08993294746629,0.309527226621703,0.000188849709449873,0.00141735641311076,"g1678"
11816.2106401775,1.39033093729004,0.555467646805141,0.00348422104067247,0.016196008127771,"g1699"
1654.42738827323,-1.33882053843341,0.419479032320426,0.000412529131293338,0.00275210406571157,"g1703"
546.566566451012,2.06045910566741,0.554628024543688,3.00166856416476e-05,0.000325218376012137,"g1708"
356.659870002738,2.78896875125024,0.473408365528215,3.99846145395693e-10,1.64622370147198e-08,"g1709"
674.019423039435,1.01413088225614,0.327587670167261,0.000935169607772098,0.00541196548112286,"g1710"
63.1561046910769,4.35340225067021,0.625524978173039,3.02755258543065e-13,2.72668954725348e-11,"g1737"
260.174446628771,4.53644910204034,0.513065692396985,6.56733957682045e-20,3.15451211006609e-17,"g1745"
15.1811755903733,2.63397031841505,0.98318947025513,0.000673874119127919,0.00416760774962803,"g1750"
4626.56734179412,1.41299093443993,0.391686220321108,9.25071254651936e-05,0.0008331422987209,"g1766"
588.428328860821,3.6216387563612,0.438408055647795,1.21100374651076e-17,3.490112797444e-15,"g1835"
51.956737063097,1.52993606246067,0.874268637685594,0.0137487837660959,0.0462897135676267,"g1839"
120.016775223608,-1.56735209467255,0.60713740851504,0.00203651482048138,0.0102969047589953,"g1840"
129.951870528493,3.28778296055232,0.560906979648483,3.89160346876753e-10,1.64622370147198e-08,"g1849"
467.079701457444,1.00496457749147,0.418405750432461,0.00741802043573879,0.0292859382134236,"g1850"
943.643570218445,-1.19016762711963,0.336948337593703,0.000154360285614652,0.00121548181186183,"g1856"
1341.82617299084,-1.19100647144809,0.539867807615215,0.00883345821745863,0.0334631840975607,"g1857"
330.964029715682,-1.40333059706035,0.475736334564783,0.000851261751621537,0.00500680891463933,"g1859"
3838.25787119297,1.20131968194209,0.390372603893396,0.000782373946103553,0.00469750356806342,"g1866"
861.328604013662,1.58542882335163,0.385535070867911,9.54598070560915e-06,0.00012505234724348,"g1868"
57.3241236877261,5.07587296601485,0.790480072204408,1.15807218229156e-11,7.25557397687886e-10,"g1870"
784.946567577335,-1.08535816868362,0.44155314805725,0.00554025351574026,0.0236899267542484,"g1873"
216.704987133578,-1.09008645067539,0.484523130738013,0.00945043873510663,0.0351888429387303,"g1877"
13.9068779902126,-2.88974729856792,1.31582905974823,0.00156474956833699,0.00833431401026658,"g1887"
11.1221421586133,3.66953409795173,1.48901511477069,0.000983023461005197,0.00564357293748402,"g1888"
42.2498787101726,3.04952795994872,0.83368646833365,2.06766888237639e-05,0.000236469115833681,"g1900"
942.763056986717,-1.31231613580029,0.379127812912155,0.000172852882375515,0.00132489895480381,"g1905"
1090.22441990018,1.55303338402763,0.448851279933495,0.000134626942571713,0.00110855670997622,"g1908"
5073.61065777022,-1.57191623543083,0.689613303154511,0.00418937388753625,0.0188065039624291,"g1914"
240.403484370927,1.39601070280845,0.5963335305634,0.0048718865832139,0.0214051253420649,"g1922"
702.652308703503,-1.53543770003498,0.411655632935138,4.63808813450845e-05,0.000480826259124221,"g1924"
24.6184076502834,3.24821232387783,1.07999943908899,0.000185287625311037,0.00140526035828003,"g1937"
47.2146810958858,1.50657105713101,0.687570010591026,0.00599885522937146,0.0251019500032514,"g1940"
91.3078959128192,1.23036805343722,0.524951410638464,0.00613963484519031,0.0255699821153735,"g1947"
50.9642010117585,1.5263237103588,0.681118889310671,0.00518649845513663,0.0225112779332888,"g1953"
59.1446409500882,-1.47067863395058,0.712719925969793,0.00793989554947148,0.0309657050965128,"g1964"
430.913553635912,-1.23687519279451,0.481457170990961,0.0032799555547915,0.015395491708321,"g1965"
101.995448649845,-3.05232753220222,0.816415003403298,1.42860655949531e-05,0.000175076740139302,"g1971"
751.375558603074,-1.19372001571542,0.437021968983818,0.00221007016480001,0.0110197616175668,"g1977"
1313.74171760768,-1.24974024656288,0.322828376108753,3.80812469433518e-05,0.000403493212098308,"g1978"
3620.66153461324,1.08402989390602,0.32811321545848,0.00041970599951997,0.0027870799322962,"g1981"
1646.4821312212,1.8810918710645,0.383035910346649,1.70909535380394e-07,3.67583045497235e-06,"g1984"
809.754983786794,-1.94472274649323,0.414304971945716,4.41975486597473e-07,8.20682412401864e-06,"g1985"
45.0880711052239,1.5575806478203,0.662161438222422,0.00384455572709556,0.0174763558446205,"g1992"
105.381536575487,-1.58393326898774,0.900894856873179,0.0119148757258089,0.0416409778666107,"g2000"
14.8631489978271,1.6304334551841,0.930816966652393,0.0123130156954132,0.0425492940457804,"g2001"
2145.83898661434,-3.73346510955223,0.777825531867338,9.99936085775993e-08,2.28715539619556e-06,"g2015"
2131.01589448916,-2.61555523334646,0.708270910283135,2.00353582664174e-05,0.000230967610095259,"g2018"
152.05963101804,-1.05282726831979,0.452796541358608,0.00834041561222193,0.032135130741208,"g2022"
7453.05142183269,3.40613636007803,0.46782139530767,3.04519526674715e-14,4.94225311644964e-12,"g2025"
1334.75614550244,-1.51236450393322,0.378390561036169,1.66769903381869e-05,0.000198607794027498,"g2028"
751.151818089696,1.56462678113373,0.424525454231973,5.56490876186999e-05,0.000553036794886528,"g2031"
554.236880581124,-2.26540702836186,0.56119719327611,6.60941305655243e-06,9.24676137329326e-05,"g2038"
1382.56549657425,-1.19174230388226,0.515378862817709,0.00686272509811087,0.0278568644123318,"g2041"
31.2445756900548,1.69444487318335,0.856182985140443,0.00731963668847868,0.028976913373895,"g2042"
945.329420229055,-2.26661390700101,0.587673563817156,1.37972534648649e-05,0.000171395191748883,"g2051"
127.172058828329,1.74004733142224,0.537831034073556,0.000228838088531542,0.00169977157512346,"g2055"
28.300671861668,-1.90213279677827,1.59832859968819,0.0146888137370467,0.0491103958122607,"g2059"
160.574549467655,-1.73971377550884,0.619691650328844,0.000877992342429683,0.00514303644488282,"g2063"
1427.88621592749,-1.71171015981156,0.556152632862786,0.000376194280386083,0.0025814093239826,"g2073"
2320.68821592629,-1.0783995019672,0.321407817631537,0.000339554614119123,0.0023637594151964,"g2085"
363.044380322105,-1.39811271832868,0.435014761348962,0.000363934295979525,0.00250923119859567,"g2089"
1916.2466815776,1.68456535114324,0.35968194867824,6.47449892476049e-07,1.15182135192344e-05,"g2090"
395.329343832942,-1.32442558789162,0.442348510604175,0.000820460736298476,0.00486536593006627,"g2098"
2069.32726265945,-2.18579058793889,0.434293257026798,6.5936809976337e-08,1.55762201927708e-06,"g2101"
525.778085624563,-1.61296606803811,0.592406288078202,0.00127144672520635,0.00701974992728872,"g2113"
530.477693154007,-1.72324818166786,0.548152589375547,0.000307371799232712,0.00216059884241141,"g2117"
2770.57186824365,1.44554138011386,0.567314808479447,0.00270110291062818,0.012974297647384,"g2118"
1858.47318650208,3.31687361921135,0.518045494283514,1.33760887491e-11,8.03122661977211e-10,"g2119"
501.451679789117,3.15431579290249,0.737666575457681,1.4940176529673e-06,2.41896566059088e-05,"g2123"
2672.91095561695,-1.50295495011107,0.38043814649742,1.96030450283761e-05,0.000227806353918468,"g2126"
456.713973246314,1.16982274511407,0.416974100360414,0.00187620705995953,0.00967879866771382,"g2128"
2443.14903573251,1.29123584462024,0.454339568521926,0.00155400915643214,0.0083246364104785,"g2132"
437.196791739934,-1.1532415404081,0.506851409710959,0.00793303800292687,0.0309657050965128,"g2139"
32.2038028055748,5.12257920913656,1.19294234162617,1.26183800026332e-06,2.06625972543118e-05,"g2143"
6428.28062841087,-1.18432491564225,0.351216125337476,0.000280792230769257,0.00199320987457389,"g2144"
726.886212257975,1.97831649385622,0.561483745668035,6.54886185631445e-05,0.000636923491220352,"g2148"
549.278157819666,-1.59069944462214,0.45103440685385,9.19263095079344e-05,0.00083311831447128,"g2150"
6955.90312630675,-1.4631385178305,0.592428003202245,0.00301223693943049,0.0142783994398662,"g2152"
10593.6451978971,2.975740730282,0.493259886584496,1.61939117758359e-10,8.04669892033776e-09,"g2163"
86.5845303467158,-1.29031840322675,0.602354085619747,0.00901047450507178,0.0339010280987165,"g2179"
506.466265258567,1.16186433912191,0.416690095964407,0.00200830531657955,0.0101900280323632,"g2189"
872.117278024277,-3.24546125223729,0.624501380858231,1.61995070415404e-08,4.57715483271759e-07,"g2193"
788.481378032282,1.35072508023925,0.626078364377481,0.0080889587756138,0.0313338429990847,"g2194"
1093.0995141219,-1.12410948125411,0.46651278613553,0.00568108042783492,0.024172766721595,"g2196"
3848.22460253131,1.9979812783296,0.509942190184042,1.479448920587e-05,0.000177657157880488,"g2203"
1314.90034306567,-1.63360968323431,0.351312932066966,7.56460394316912e-07,1.31332461230201e-05,"g2209"
7743.00309662995,-1.46583172517835,0.326742456015703,2.1389229963867e-06,3.38701982175081e-05,"g2210"
3030.68558544076,1.07499410731907,0.39935572760929,0.00309555269691309,0.0146252178237763,"g2214"
8.65059420337588,2.346580870017,1.79320498999419,0.0103216750544416,0.0377500856686558,"g2217"
194.833109009837,-2.51727711195642,0.78251487764654,0.000119560301653944,0.00100752277592593,"g2219"
13.7060194573666,-2.46605745672164,2.15379816161729,0.00944233233054934,0.0351888429387303,"g2236"
4738.37573029921,-1.72388122738443,0.455383120095894,2.59313188964062e-05,0.000287438696382472,"g2239"
4439.05249653675,-2.11075670585403,0.445215620746515,2.97457101313123e-07,5.87172168482479e-06,"g2240"
2621.04460259378,-2.16481030683143,0.837091157001236,0.000996744686424599,0.00567711104007054,"g2258"
97.7405739611154,-2.17984558408978,0.647397627167223,9.74049570970314e-05,0.000861107626851671,"g2259"
1699.1867488354,-1.23476673978708,0.340081437212875,9.93114649801497e-05,0.000872608664856071,"g2264"
3215.37694956959,-2.14842117434871,0.526499433432127,5.75353180175364e-06,8.12827384934019e-05,"g2275"
1411.05990098559,-1.15130557648543,0.547892025393395,0.011789905460399,0.0415385177712345,"g2276"
477.661642862181,-1.75522430646918,0.51553408207943,0.000119194793718598,0.00100752277592593,"g2278"
4.17518297980194,-3.8509183385557,4.02337777533586,0.00669524951831014,0.0274867651164812,"g2280"
127.250646765452,-1.45031110746152,0.542077022445212,0.00179499463747106,0.00933786018987655,"g2284"
26.4774016590746,-2.89322182878196,0.973598130728806,0.000192702198854696,0.00143877652098247,"g2288"
952.008260267542,-2.61307236026752,0.597154099697417,1.19212006691013e-06,1.9745345016293e-05,"g2289"
224.601148903183,-2.57904815123555,0.501392905163511,3.02133574977913e-08,7.77454431327094e-07,"g2290"
332.657330791893,-6.12269705142724,0.871136057052908,1.60519344233852e-13,1.65220267886414e-11,"g2292"
19.134226704165,-7.86731128052146,3.12442094449873,1.24375132133292e-05,0.000158605810092101,"g2319"
509.383790817797,-3.25112907076184,0.719003704631855,4.40056322738485e-07,8.20682412401864e-06,"g2323"
1710.99825629372,-2.67981281171694,0.585224223275352,4.44227815179357e-07,8.20682412401864e-06,"g2339"
52.4371704431862,1.65322270464485,0.644060064294772,0.00192622368481665,0.00984286641780425,"g2380"
