baseMean	log2FoldChange	lfcSE	pvalue	padj	gene	Preferred_name	Description	PFAMs	GOs	KEGG_ko	KEGG_Pathway	COG_category	eggNOG_OGs	seed_ortholog	evalue
536.812506534102	4.92071146802583	0.519735884350786	2.03488630163687e-22	2.93227116065873e-19	g1073	-	Cell Division	AAA,CDC48_2,CDC48_N,Vps4_C	GO:0005575,GO:0005623,GO:0005886,GO:0016020,GO:0044464,GO:0071944	ko:K13525	ko04141,ko05134,map04141,map05134	O	COG0464@1|root,KOG0730@2759|Eukaryota,37KI9@33090|Viridiplantae,3G7QA@35493|Streptophyta,3KRJX@4447|Liliopsida,3IGKP@38820|Poales	37682.EMT31146	1.28e-214
154.995545771636	5.06824960246015	0.551047041508019	3.18001240336352e-21	2.29119893662341e-18	g1229										
260.174446628771	4.53644910204034	0.513065692396985	6.56733957682045e-20	3.15451211006609e-17	g1745										
588.428328860821	3.6216387563612	0.438408055647795	1.21100374651076e-17	3.490112797444e-15	g1835	-	-	-	-	-	-	-	2EICD@1|root,2SNTG@2759|Eukaryota,37ZVG@33090|Viridiplantae	3218.PP1S56_42V6.1	0
36665.467666386	4.17405709113637	0.530019204176671	2.87004610529218e-16	6.89289406287671e-14	g348	-	Belongs to the heat shock protein 70 family	HSP70	GO:0005575,GO:0005576,GO:0005622,GO:0005623,GO:0005737,GO:0006605,GO:0006810,GO:0006886,GO:0006950,GO:0008104,GO:0008150,GO:0009266,GO:0009408,GO:0009507,GO:0009526,GO:0009532,GO:0009536,GO:0009570,GO:0009579,GO:0009628,GO:0009941,GO:0010035,GO:0010038,GO:0015031,GO:0015833,GO:0031967,GO:0031975,GO:0033036,GO:0033365,GO:0034613,GO:0042221,GO:0042886,GO:0043226,GO:0043227,GO:0043229,GO:0043231,GO:0044422,GO:0044424,GO:0044434,GO:0044435,GO:0044444,GO:0044446,GO:0044464,GO:0045036,GO:0045184,GO:0046686,GO:0046907,GO:0048046,GO:0050896,GO:0051179,GO:0051234,GO:0051641,GO:0051649,GO:0070727,GO:0071702,GO:0071705,GO:0072594,GO:0072596,GO:0072598	ko:K03283	ko03040,ko04010,ko04141,ko04144,ko04213,ko04612,ko04915,ko05134,ko05145,ko05162,ko05164,ko05169,map03040,map04010,map04141,map04144,map04213,map04612,map04915,map05134,map05145,map05162,map05164,map05169	O	COG0443@1|root,KOG0102@2759|Eukaryota,37IHK@33090|Viridiplantae,3G7BX@35493|Streptophyta	3218.PP1S115_168V6.2	0
78.8744414096456	5.63578778069547	0.733544143015127	2.26607102444656e-15	4.66486906603928e-13	g369										
7453.05142183269	3.40613636007803	0.46782139530767	3.04519526674715e-14	4.94225311644964e-12	g2025	-	Belongs to the chaperonin (HSP60) family	Cpn60_TCP1	GO:0000166,GO:0003674,GO:0003735,GO:0005198,GO:0005488,GO:0005507,GO:0005515,GO:0005524,GO:0005575,GO:0005622,GO:0005623,GO:0005737,GO:0005739,GO:0005759,GO:0005773,GO:0005774,GO:0005829,GO:0005840,GO:0005844,GO:0005886,GO:0006457,GO:0006458,GO:0006605,GO:0006626,GO:0006810,GO:0006839,GO:0006886,GO:0006950,GO:0006996,GO:0007005,GO:0008104,GO:0008144,GO:0008150,GO:0009266,GO:0009408,GO:0009507,GO:0009526,GO:0009532,GO:0009536,GO:0009570,GO:0009628,GO:0009719,GO:0009725,GO:0009735,GO:0009941,GO:0009987,GO:0010033,GO:0010035,GO:0010038,GO:0015031,GO:0015833,GO:0016020,GO:0016043,GO:0017038,GO:0017076,GO:0022626,GO:0030554,GO:0031090,GO:0031967,GO:0031974,GO:0031975,GO:0032553,GO:0032555,GO:0032559,GO:0032991,GO:0033036,GO:0033365,GO:0034613,GO:0035639,GO:0036094,GO:0042221,GO:0042788,GO:0042886,GO:0043167,GO:0043168,GO:0043169,GO:0043226,GO:0043227,GO:0043228,GO:0043229,GO:0043231,GO:0043232,GO:0043233,GO:0044183,GO:0044422,GO:0044424,GO:0044429,GO:0044434,GO:0044435,GO:0044437,GO:0044444,GO:0044445,GO:0044446,GO:0044464,GO:0044743,GO:0045041,GO:0045184,GO:0046686,GO:0046872,GO:0046907,GO:0046914,GO:0050896,GO:0051082,GO:0051179,GO:0051234,GO:0051641,GO:0051649,GO:0055085,GO:0061077,GO:0065002,GO:0070013,GO:0070585,GO:0070727,GO:0071702,GO:0071705,GO:0071806,GO:0071840,GO:0071944,GO:0072594,GO:0072655,GO:0097159,GO:0097367,GO:0098588,GO:0098805,GO:1901265,GO:1901363,GO:1990542,GO:1990904	ko:K04077	ko03018,ko04212,ko04940,ko05134,ko05152,map03018,map04212,map04940,map05134,map05152	O	COG0459@1|root,KOG0356@2759|Eukaryota,37HQ6@33090|Viridiplantae,3GE25@35493|Streptophyta	3218.PP1S149_289V6.1	0
96.3889552258962	5.26196373287924	0.732475304359498	5.73294979985134e-14	6.88431721798815e-12	g17	-	Methyltransferase FkbM domain	Methyltransf_21	-	-	-	S	28MUW@1|root,2QUD5@2759|Eukaryota,37NHE@33090|Viridiplantae,3GDM5@35493|Streptophyta	88036.EFJ26230	1.26e-81
1107.6512075204	3.84017563909997	0.539596654751118	8.34419713300327e-14	9.24922159127517e-12	g1653										
2916.95830164143	2.38482828110692	0.335968024321416	1.79714145424482e-13	1.72645389037786e-11	g1493	-	Vasohibin	Vasohibin	-	-	-	S	2BW4P@1|root,2QPPX@2759|Eukaryota,37W5V@33090|Viridiplantae,3GQAH@35493|Streptophyta	3218.PP1S46_67V6.1	9.34e-181
63.1561046910769	4.35340225067021	0.625524978173039	3.02755258543065e-13	2.72668954725348e-11	g1737	-	Lipase class 3 family protein	Lipase3_N,Lipase_3	GO:0001505,GO:0001676,GO:0003674,GO:0003824,GO:0005575,GO:0005623,GO:0005886,GO:0006082,GO:0006629,GO:0006631,GO:0006638,GO:0006639,GO:0006690,GO:0008150,GO:0008152,GO:0009056,GO:0009058,GO:0009987,GO:0016020,GO:0016042,GO:0016298,GO:0016787,GO:0016788,GO:0019369,GO:0019752,GO:0032787,GO:0033559,GO:0042133,GO:0042136,GO:0043436,GO:0044237,GO:0044238,GO:0044242,GO:0044248,GO:0044249,GO:0044255,GO:0044281,GO:0044464,GO:0046339,GO:0046340,GO:0046461,GO:0046464,GO:0046486,GO:0046503,GO:0047372,GO:0052689,GO:0065007,GO:0065008,GO:0071704,GO:0071944,GO:1901568,GO:1901575	ko:K13806	ko04723,ko04745,ko04925,map04723,map04745,map04925	IOT	KOG2088@1|root,KOG2088@2759|Eukaryota,37IHC@33090|Viridiplantae,3GB2H@35493|Streptophyta	3218.PP1S128_158V6.1	9.79e-10
71.4739017917022	4.99685008667162	0.759864077098074	3.70777749205213e-12	2.54424160287958e-10	g1104										
274.932787767821	3.21793151228866	0.499813232652752	1.04150706755436e-11	6.82187129248107e-10	g1322										
57.3241236877261	5.07587296601485	0.790480072204408	1.15807218229156e-11	7.25557397687886e-10	g1870	-	-	-	-	-	-	-	2CNS9@1|root,2QXTP@2759|Eukaryota,37XUP@33090|Viridiplantae	88036.EFJ21253	1.7e-07
1858.47318650208	3.31687361921135	0.518045494283514	1.33760887491e-11	8.03122661977211e-10	g2119	-	factor y subunit	CBFD_NFYB_HMF	-	ko:K08065	ko04612,ko05152,ko05166,map04612,map05152,map05166	K	COG2036@1|root,KOG0869@2759|Eukaryota,37TXF@33090|Viridiplantae,3GJ6A@35493|Streptophyta	3218.PP1S25_10V6.1	2.96e-40
43.11768035808	9.74106632957134	2.92866511273957	8.61279145299812e-11	4.5966786976927e-09	g1109	-	histone h2a	Histone,Histone_H2A_C	GO:0000228,GO:0000785,GO:0000790,GO:0003674,GO:0003676,GO:0003677,GO:0005488,GO:0005575,GO:0005618,GO:0005622,GO:0005623,GO:0005634,GO:0005694,GO:0005730,GO:0006325,GO:0006342,GO:0006355,GO:0006996,GO:0008150,GO:0009889,GO:0009890,GO:0009892,GO:0009987,GO:0010468,GO:0010556,GO:0010558,GO:0010605,GO:0010629,GO:0016043,GO:0016458,GO:0019219,GO:0019222,GO:0030312,GO:0031323,GO:0031324,GO:0031326,GO:0031327,GO:0031974,GO:0031981,GO:0040029,GO:0043226,GO:0043227,GO:0043228,GO:0043229,GO:0043231,GO:0043232,GO:0043233,GO:0044422,GO:0044424,GO:0044427,GO:0044428,GO:0044446,GO:0044454,GO:0044464,GO:0045814,GO:0045892,GO:0045934,GO:0048519,GO:0048523,GO:0050789,GO:0050794,GO:0051171,GO:0051172,GO:0051252,GO:0051253,GO:0051276,GO:0060255,GO:0065007,GO:0070013,GO:0071840,GO:0071944,GO:0080090,GO:0097159,GO:1901363,GO:1902679,GO:1903506,GO:1903507,GO:2000112,GO:2000113,GO:2001141	ko:K11251	ko04217,ko05034,ko05322,map04217,map05034,map05322	B	COG5262@1|root,KOG1756@2759|Eukaryota,37TTZ@33090|Viridiplantae,3GIA8@35493|Streptophyta	3218.PP1S47_181V6.1	2.88e-79
13647.4668692316	3.47282754138512	0.570278941630808	8.9929151998719e-11	4.6281395725055e-09	g393	BAG6	BAG family molecular chaperone regulator	BAG,IQ	GO:0000003,GO:0000302,GO:0002376,GO:0003006,GO:0003674,GO:0005488,GO:0005515,GO:0005516,GO:0005575,GO:0005911,GO:0006457,GO:0006914,GO:0006950,GO:0006952,GO:0006955,GO:0006979,GO:0007275,GO:0008150,GO:0008152,GO:0009056,GO:0009266,GO:0009314,GO:0009408,GO:0009416,GO:0009506,GO:0009605,GO:0009607,GO:0009620,GO:0009628,GO:0009636,GO:0009642,GO:0009644,GO:0009791,GO:0009814,GO:0009817,GO:0009893,GO:0009894,GO:0009896,GO:0009987,GO:0010035,GO:0010228,GO:0010506,GO:0010508,GO:0010941,GO:0010942,GO:0012502,GO:0019222,GO:0022414,GO:0030054,GO:0031323,GO:0031325,GO:0031329,GO:0031331,GO:0032501,GO:0032502,GO:0042221,GO:0042493,GO:0042542,GO:0043067,GO:0043068,GO:0043207,GO:0044237,GO:0044248,GO:0045087,GO:0046677,GO:0048518,GO:0048522,GO:0048608,GO:0048731,GO:0048856,GO:0050789,GO:0050794,GO:0050832,GO:0050896,GO:0051704,GO:0051707,GO:0055044,GO:0061458,GO:0061919,GO:0065007,GO:0098542,GO:1901700	-	-	S	28J5F@1|root,2QRHM@2759|Eukaryota,37R43@33090|Viridiplantae,3G9XC@35493|Streptophyta	3218.PP1S107_77V6.1	1.67e-103
10593.6451978971	2.975740730282	0.493259886584496	1.61939117758359e-10	8.04669892033776e-09	g2163	-	Belongs to the BI1 family	Bax1-I	-	ko:K06890	-	T	COG0670@1|root,KOG2322@2759|Eukaryota,37N2P@33090|Viridiplantae,3GA75@35493|Streptophyta	3218.PP1S102_210V6.1	2.72e-125
2346.34105715013	2.20035687935994	0.365909862233127	2.62454775417486e-10	1.21999139153741e-08	g442	-	Belongs to the Glu Leu Phe Val dehydrogenases family	ELFV_dehydrog,ELFV_dehydrog_N	-	ko:K00261	ko00220,ko00250,ko00471,ko00910,ko01100,ko01200,ko04217,ko04964,map00220,map00250,map00471,map00910,map01100,map01200,map04217,map04964	E	COG0334@1|root,KOG2250@2759|Eukaryota,37ZAM@33090|Viridiplantae,3GNYP@35493|Streptophyta	3218.PP1S143_156V6.2	0
45.2982684092749	9.77740236300704	2.9736018344656	3.91132777386659e-10	1.64622370147198e-08	g1076										
356.659870002738	2.78896875125024	0.473408365528215	3.99846145395693e-10	1.64622370147198e-08	g1709										
129.951870528493	3.28778296055232	0.560906979648483	3.89160346876753e-10	1.64622370147198e-08	g1849										
752.323254796748	2.03764997043316	0.341670955997407	4.16527101324899e-10	1.6672654250255e-08	g1282	-	Belongs to the pyruvate kinase family	PK,PK_C	-	ko:K00873	ko00010,ko00230,ko00620,ko01100,ko01110,ko01120,ko01130,ko01200,ko01230,ko04922,ko04930,ko05165,ko05203,ko05230,map00010,map00230,map00620,map01100,map01110,map01120,map01130,map01200,map01230,map04922,map04930,map05165,map05203,map05230	G	COG0469@1|root,KOG2323@2759|Eukaryota,37Q01@33090|Viridiplantae,3GAP0@35493|Streptophyta	3218.PP1S70_15V6.1	0
37.6214889840607	5.98475429057903	1.01349772629746	1.03169700541312e-09	3.91230364421133e-08	g1337										
885.221491969444	3.9382190212042	0.698631042658717	1.18517798968789e-09	4.37908072600062e-08	g1440	-	Xyloglucan galactosyltransferase KATAMARI1	Exostosin	-	ko:K20888	-	GMW	KOG1021@1|root,KOG1021@2759|Eukaryota,37I92@33090|Viridiplantae,3G8UZ@35493|Streptophyta	3218.PP1S5_379V6.1	6.52e-235
118.932987896482	4.72149759996924	0.866668100407775	3.02922300697926e-09	9.92070534785709e-08	g865	-	glycerophosphodiester phosphodiesterase	GDPD	-	ko:K18696	ko00564,map00564	C	COG0584@1|root,KOG2421@2759|Eukaryota,37PE3@33090|Viridiplantae,3G7H4@35493|Streptophyta	3218.PP1S70_55V6.1	2.18e-169
198.093975621715	3.1991473676979	0.592108893570717	5.63390358233429e-09	1.76488153524863e-07	g325	-	Nucleoside diphosphate kinase	Dpy-30,NDK	-	ko:K20790	-	G	COG0105@1|root,KOG0888@2759|Eukaryota,37US9@33090|Viridiplantae,3GITU@35493|Streptophyta	3218.PP1S6_425V6.1	3.12e-121
255.536004905024	3.39016221396478	0.635180100401496	7.25559535375203e-09	2.17819018849097e-07	g1673										
288.075154090348	2.53006719839825	0.470691621132945	8.95936774663148e-09	2.63478549446856e-07	g1013										
617.917163650679	1.89773455692347	0.353915252217105	1.52513779453902e-08	4.39544712386145e-07	g1293	-	This protein is an auxiliary protein of DNA polymerase delta and is involved in the control of eukaryotic DNA replication by increasing the polymerase's processibility during elongation of the leading strand	PCNA_C,PCNA_N	GO:0005575,GO:0005622,GO:0005623,GO:0005634,GO:0043226,GO:0043227,GO:0043229,GO:0043231,GO:0044424,GO:0044464	ko:K04802	ko03030,ko03410,ko03420,ko03430,ko04110,ko04530,ko05161,ko05166,map03030,map03410,map03420,map03430,map04110,map04530,map05161,map05166	L	COG0592@1|root,KOG1636@2759|Eukaryota,37JTF@33090|Viridiplantae,3GD0W@35493|Streptophyta,4JI16@91835|fabids	3847.GLYMA08G45120.2	3.63e-151
1094.5150958738	2.63847867610569	0.503125949223412	1.7287194188005e-08	4.79054746632983e-07	g720										
37401.7327523023	2.21543240442101	0.424432604694134	2.61756663369348e-08	7.11681796066472e-07	g621	-	Calnexin homolog	Calreticulin	-	ko:K08054	ko04141,ko04145,ko04612,ko04918,ko05166,map04141,map04145,map04612,map04918,map05166	O	KOG0675@1|root,KOG0675@2759|Eukaryota,37J4E@33090|Viridiplantae,3G9CM@35493|Streptophyta	3218.PP1S158_19V6.1	5.98e-237
43.5093776743301	3.78108447374944	0.742726065349776	2.78006307988687e-08	7.41864981132773e-07	g560	-	Domain of unknown function (DUF543)	DUF543	-	ko:K17784	-	S	KOG4604@1|root,KOG4604@2759|Eukaryota,37W14@33090|Viridiplantae,3GK2N@35493|Streptophyta,4JUKN@91835|fabids	225117.XP_009362430.1	4.3e-17
68.3332764956167	3.32737455521588	0.654272334355963	2.87518150973111e-08	7.5329755554955e-07	g1640										
29.9517502205813	4.61796378222986	0.964982636493466	1.64163353161454e-07	3.58423321069174e-06	g778										
1319.26530613636	2.16775870558973	0.443377176669558	1.61789610045978e-07	3.58423321069174e-06	g1482	-	-	-	-	-	-	-	28MTK@1|root,2QUBV@2759|Eukaryota,37PIF@33090|Viridiplantae,3GBKG@35493|Streptophyta	161934.XP_010666531.1	8.78e-75
1646.4821312212	1.8810918710645	0.383035910346649	1.70909535380394e-07	3.67583045497235e-06	g1984	-	DnaJ homolog subfamily B member	DnaJ,DnaJ_C	GO:0002682,GO:0002684,GO:0005575,GO:0005622,GO:0005623,GO:0005737,GO:0005783,GO:0005788,GO:0005886,GO:0008150,GO:0009605,GO:0009607,GO:0012505,GO:0016020,GO:0031347,GO:0031349,GO:0031974,GO:0032991,GO:0034663,GO:0035821,GO:0043207,GO:0043226,GO:0043227,GO:0043229,GO:0043231,GO:0043233,GO:0044003,GO:0044403,GO:0044419,GO:0044422,GO:0044424,GO:0044432,GO:0044444,GO:0044446,GO:0044464,GO:0045088,GO:0045089,GO:0048518,GO:0048583,GO:0048584,GO:0050776,GO:0050778,GO:0050789,GO:0050896,GO:0051701,GO:0051704,GO:0051707,GO:0051817,GO:0052031,GO:0052033,GO:0052166,GO:0052167,GO:0052169,GO:0052173,GO:0052200,GO:0052255,GO:0052257,GO:0052305,GO:0052306,GO:0052308,GO:0052509,GO:0052510,GO:0052552,GO:0052553,GO:0052555,GO:0052556,GO:0052564,GO:0052572,GO:0065007,GO:0070013,GO:0071944,GO:0075136,GO:0080134	ko:K09517	ko04141,map04141	O	COG0484@1|root,KOG0713@2759|Eukaryota,37IG8@33090|Viridiplantae,3G9SD@35493|Streptophyta	3218.PP1S91_238V6.1	9.28e-187
9116.57349930832	2.84129151055232	0.600565623123041	2.10669103828523e-07	4.39962577705655e-06	g1652	-	aldo-keto	Aldo_ket_red	-	-	-	C	COG0667@1|root,KOG1575@2759|Eukaryota,37JKW@33090|Viridiplantae,3G9Q9@35493|Streptophyta	3218.PP1S450_1V6.1	6.09e-211
102.34970778408	3.60148840424666	0.77707828286538	2.53548246732609e-07	5.14595807805196e-06	g1107										
57.4260756196386	3.56894898454104	0.785935744045127	4.15296766997865e-07	7.97923521658565e-06	g597	-	The proteasome is a multicatalytic proteinase complex which is characterized by its ability to cleave peptides with Arg, Phe, Tyr, Leu, and Glu adjacent to the leaving group at neutral or slightly basic pH	Proteasome,Proteasome_A_N	GO:0000502,GO:0005575,GO:0005622,GO:0005623,GO:0005737,GO:0005773,GO:0005829,GO:0005839,GO:0005840,GO:0008150,GO:0010035,GO:0010038,GO:0019773,GO:0022626,GO:0032991,GO:0042221,GO:0043226,GO:0043227,GO:0043228,GO:0043229,GO:0043231,GO:0043232,GO:0044424,GO:0044444,GO:0044445,GO:0044464,GO:0046686,GO:0050896,GO:1902494,GO:1905368,GO:1905369,GO:1990904	ko:K02728	ko03050,map03050	O	COG0638@1|root,KOG0178@2759|Eukaryota,37QI6@33090|Viridiplantae,3GG7G@35493|Streptophyta	3218.PP1S261_3V6.1	1.17e-129
1916.2466815776	1.68456535114324	0.35968194867824	6.47449892476049e-07	1.15182135192344e-05	g2090	-	FAD NAD(P)-binding oxidoreductase family protein	NAD_binding_8	-	-	-	S	COG3380@1|root,2QQW4@2759|Eukaryota,37MQB@33090|Viridiplantae,3GBNU@35493|Streptophyta	3218.PP1S25_202V6.1	2.40999999767484e-316
20.9018063951987	8.31087654424702	2.94979826538447	6.64679070645135e-07	1.16805187902395e-05	g696	-	A Receptor for Ubiquitination Targets	F-box,FBA_3	-	-	-	S	2CV7C@1|root,2RRG9@2759|Eukaryota,388RU@33090|Viridiplantae,3GRJ4@35493|Streptophyta	3218.PP1S350_45V6.1	2.85e-16
20094.2917430659	2.82782341240162	0.6378278475668	9.55642999301744e-07	1.62009595528684e-05	g1654	-	Multiprotein-bridging factor	HTH_3,MBF1	GO:0000160,GO:0001101,GO:0003674,GO:0003700,GO:0003712,GO:0003713,GO:0005575,GO:0005622,GO:0005623,GO:0005634,GO:0005730,GO:0005737,GO:0006355,GO:0006950,GO:0007154,GO:0007165,GO:0008150,GO:0009266,GO:0009408,GO:0009414,GO:0009415,GO:0009628,GO:0009719,GO:0009723,GO:0009725,GO:0009737,GO:0009755,GO:0009873,GO:0009889,GO:0009891,GO:0009893,GO:0009987,GO:0010033,GO:0010035,GO:0010468,GO:0010556,GO:0010557,GO:0010604,GO:0010628,GO:0019219,GO:0019222,GO:0023052,GO:0031323,GO:0031325,GO:0031326,GO:0031328,GO:0031974,GO:0031981,GO:0032870,GO:0033993,GO:0035556,GO:0042221,GO:0043226,GO:0043227,GO:0043228,GO:0043229,GO:0043231,GO:0043232,GO:0043233,GO:0044422,GO:0044424,GO:0044428,GO:0044446,GO:0044464,GO:0045893,GO:0045935,GO:0048518,GO:0048522,GO:0050789,GO:0050794,GO:0050896,GO:0051171,GO:0051173,GO:0051252,GO:0051254,GO:0051716,GO:0060255,GO:0065007,GO:0070013,GO:0070887,GO:0071310,GO:0071369,GO:0071495,GO:0080090,GO:0097305,GO:0140110,GO:1901700,GO:1902680,GO:1903506,GO:1903508,GO:2000112,GO:2001141	ko:K03627	-	K	COG1813@1|root,KOG3398@2759|Eukaryota,37U23@33090|Viridiplantae,3GIVG@35493|Streptophyta	3218.PP1S141_102V6.3	3.11e-79
32.2038028055748	5.12257920913656	1.19294234162617	1.26183800026332e-06	2.06625972543118e-05	g2143										
501.451679789117	3.15431579290249	0.737666575457681	1.4940176529673e-06	2.41896566059088e-05	g2123	-	-	-	-	-	-	-	2EK8N@1|root,2SQ73@2759|Eukaryota,3806Z@33090|Viridiplantae,3GPZ9@35493|Streptophyta	88036.EFJ35270	1.48e-39
2952.12815897719	1.57240646949511	0.348742806913337	1.6300125421422e-06	2.60983119247434e-05	g1438	-	Transcription elongation factor	Med26,TFIIS_C,TFIIS_M	GO:0005575,GO:0005622,GO:0005623,GO:0005634,GO:0005654,GO:0006139,GO:0006351,GO:0006354,GO:0006355,GO:0006725,GO:0006807,GO:0008023,GO:0008150,GO:0008152,GO:0009058,GO:0009059,GO:0009889,GO:0009987,GO:0010467,GO:0010468,GO:0010556,GO:0016070,GO:0018130,GO:0019219,GO:0019222,GO:0019438,GO:0031323,GO:0031326,GO:0031974,GO:0031981,GO:0032774,GO:0032784,GO:0032991,GO:0034641,GO:0034645,GO:0034654,GO:0043170,GO:0043226,GO:0043227,GO:0043229,GO:0043231,GO:0043233,GO:0044237,GO:0044238,GO:0044249,GO:0044260,GO:0044271,GO:0044422,GO:0044424,GO:0044428,GO:0044446,GO:0044451,GO:0044464,GO:0046483,GO:0050789,GO:0050794,GO:0051171,GO:0051252,GO:0060255,GO:0065007,GO:0070013,GO:0071704,GO:0080090,GO:0090304,GO:0097659,GO:1901360,GO:1901362,GO:1901576,GO:1903506,GO:2000112,GO:2001141	ko:K03145	-	K	COG1594@1|root,KOG1105@2759|Eukaryota,37JMS@33090|Viridiplantae,3GA25@35493|Streptophyta	3218.PP1S110_49V6.1	3.33e-119
136.417244015078	4.49934139128966	1.10919328839352	2.51814347829821e-06	3.94417907850839e-05	g208	-	60S ribosomal Protein	Ribosomal_L21e	GO:0003674,GO:0003735,GO:0005198,GO:0005575,GO:0005622,GO:0005623,GO:0005634,GO:0005730,GO:0005737,GO:0005829,GO:0005840,GO:0006412,GO:0006518,GO:0006807,GO:0008150,GO:0008152,GO:0009058,GO:0009059,GO:0009507,GO:0009536,GO:0009987,GO:0010467,GO:0015934,GO:0019538,GO:0022625,GO:0022626,GO:0031974,GO:0031981,GO:0032991,GO:0034641,GO:0034645,GO:0043043,GO:0043170,GO:0043226,GO:0043227,GO:0043228,GO:0043229,GO:0043231,GO:0043232,GO:0043233,GO:0043603,GO:0043604,GO:0044237,GO:0044238,GO:0044249,GO:0044260,GO:0044267,GO:0044271,GO:0044391,GO:0044422,GO:0044424,GO:0044428,GO:0044444,GO:0044445,GO:0044446,GO:0044464,GO:0070013,GO:0071704,GO:1901564,GO:1901566,GO:1901576,GO:1990904	ko:K02889	ko03010,map03010	J	COG2139@1|root,KOG1732@2759|Eukaryota,37P3J@33090|Viridiplantae,3GBHC@35493|Streptophyta	3218.PP1S91_107V6.1	2.62e-21
260.881222374324	1.9387472694422	0.447548255941333	2.56252785346254e-06	3.97054046971992e-05	g443										
260.128286862433	2.04775072132732	0.481531149851422	3.26242111311585e-06	4.95013905237533e-05	g595	-	Rab subfamily of small GTPases	Ras	GO:0005575,GO:0005622,GO:0005623,GO:0005737,GO:0005768,GO:0005829,GO:0005886,GO:0005911,GO:0008150,GO:0009504,GO:0009506,GO:0009987,GO:0012505,GO:0016020,GO:0030054,GO:0031410,GO:0031982,GO:0042546,GO:0043226,GO:0043227,GO:0043229,GO:0044085,GO:0044424,GO:0044444,GO:0044464,GO:0055044,GO:0071554,GO:0071840,GO:0071944,GO:0097708	ko:K07904,ko:K07905,ko:K07976	ko04144,ko04152,ko04961,ko04962,ko04972,map04144,map04152,map04961,map04962,map04972	U	COG1100@1|root,KOG0087@2759|Eukaryota,37J9I@33090|Viridiplantae,3G78Y@35493|Streptophyta,4JMPS@91835|fabids	981085.XP_010106561.1	2.5e-80
1089.05694213796	2.59508180482808	0.659145223855723	8.43600481202276e-06	0.000113610120879671	g1655										
861.328604013662	1.58542882335163	0.385535070867911	9.54598070560915e-06	0.00012505234724348	g1868										
39.6665356450838	3.8282276552533	1.02603746592544	1.26627029706074e-05	0.000160061008602152	g1087										
3848.22460253131	1.9979812783296	0.509942190184042	1.479448920587e-05	0.000177657157880488	g2203	-	Transmembrane protein 56-like	TRAM_LAG1_CLN8	-	-	-	T	KOG4561@1|root,KOG4561@2759|Eukaryota,37JM6@33090|Viridiplantae,3GH59@35493|Streptophyta	3218.PP1S1_848V6.1	1.2e-113
3791.79539716924	1.83543613475095	0.471195077712578	1.8941551363195e-05	0.000221908744019219	g221	-	Zinc finger protein CONSTANS-like	CCT,zf-B_box	GO:0003674,GO:0003700,GO:0005575,GO:0006355,GO:0008150,GO:0009889,GO:0010468,GO:0010556,GO:0016020,GO:0019219,GO:0019222,GO:0031323,GO:0031326,GO:0050789,GO:0050794,GO:0051171,GO:0051252,GO:0060255,GO:0065007,GO:0080090,GO:0140110,GO:1903506,GO:2000112,GO:2001141	-	-	K	COG5641@1|root,KOG1601@2759|Eukaryota,37RDZ@33090|Viridiplantae,3G8M4@35493|Streptophyta	3218.PP1S108_97V6.1	7.09e-130
42.2498787101726	3.04952795994872	0.83368646833365	2.06766888237639e-05	0.000236469115833681	g1900	-	Catalyzes the phosphorylation of ribose at O-5 in a reaction requiring ATP and magnesium. The resulting D-ribose-5- phosphate can then be used either for sythesis of nucleotides, histidine, and tryptophan, or as a component of the pentose phosphate pathway	PfkB	GO:0003674,GO:0003824,GO:0005575,GO:0005622,GO:0005623,GO:0005737,GO:0005829,GO:0005975,GO:0006793,GO:0006796,GO:0008150,GO:0008152,GO:0009987,GO:0016301,GO:0016310,GO:0016740,GO:0016772,GO:0019200,GO:0044237,GO:0044238,GO:0044262,GO:0044424,GO:0044444,GO:0044464,GO:0046835,GO:0071704	ko:K00852	ko00030,map00030	G	COG0524@1|root,KOG2855@2759|Eukaryota,37SYX@33090|Viridiplantae,3G7K0@35493|Streptophyta	3218.PP1S177_61V6.1	2.96e-145
22.109180679456	3.81443226781446	1.06223629537382	2.50403140220007e-05	0.000281899160200805	g944										
20.5902322606247	3.91832319811419	1.10102032732567	2.90411986978797e-05	0.000317033085785187	g209	-	The pyruvate dehydrogenase complex catalyzes the overall conversion of pyruvate to acetyl-CoA and CO(2)	E1_dh	-	ko:K00161	ko00010,ko00020,ko00620,ko01100,ko01110,ko01120,ko01130,ko01200,ko04066,ko04922,ko05230,map00010,map00020,map00620,map01100,map01110,map01120,map01130,map01200,map04066,map04922,map05230	C	COG0462@1|root,KOG0225@2759|Eukaryota,37K7U@33090|Viridiplantae,3GCQI@35493|Streptophyta	3218.PP1S47_1V6.1	3.28e-192
1313.27203862151	1.51493612724122	0.391602013727844	2.88550701106983e-05	0.000317033085785187	g1230	-	Belongs to the NPH3 family	NPH3	GO:0005575,GO:0005623,GO:0005886,GO:0016020,GO:0044464,GO:0071944	-	-	S	28KHE@1|root,2QSYM@2759|Eukaryota,37KPY@33090|Viridiplantae,3G90K@35493|Streptophyta	3218.PP1S96_180V6.1	3.3e-297
546.566566451012	2.06045910566741	0.554628024543688	3.00166856416476e-05	0.000325218376012137	g1708	LOX9	Plant lipoxygenase may be involved in a number of diverse aspects of plant physiology including growth and development, pest resistance, and senescence or responses to wounding	Lipoxygenase,PLAT	GO:0003674,GO:0003824,GO:0005575,GO:0005622,GO:0005623,GO:0005737,GO:0006629,GO:0007275,GO:0008150,GO:0008152,GO:0009507,GO:0009536,GO:0009653,GO:0009791,GO:0009987,GO:0010015,GO:0010101,GO:0010102,GO:0010311,GO:0016165,GO:0016491,GO:0016701,GO:0016702,GO:0022622,GO:0030258,GO:0031347,GO:0031348,GO:0032501,GO:0032502,GO:0034440,GO:0043226,GO:0043227,GO:0043229,GO:0043231,GO:0044237,GO:0044238,GO:0044255,GO:0044424,GO:0044444,GO:0044464,GO:0048364,GO:0048519,GO:0048527,GO:0048528,GO:0048583,GO:0048585,GO:0048646,GO:0048731,GO:0048856,GO:0050789,GO:0051213,GO:0055114,GO:0065007,GO:0071704,GO:0080134,GO:0090696,GO:0090697,GO:0090698,GO:0099402,GO:1900366,GO:1905392,GO:1905393,GO:1990136,GO:2000068	ko:K00454,ko:K15718	ko00591,ko00592,ko01100,ko01110,map00591,map00592,map01100,map01110	E	2CNE6@1|root,2QVKD@2759|Eukaryota,38A0H@33090|Viridiplantae,3GXAV@35493|Streptophyta	3218.PP1S21_407V6.1	1.75e-175
22.1107982557536	3.40868814690385	0.971990234219368	3.3242264940043e-05	0.000357478386407478	g335	-	exostosin family	EGF_2,Exostosin	GO:0005575,GO:0005622,GO:0005623,GO:0005737,GO:0005794,GO:0012505,GO:0043226,GO:0043227,GO:0043229,GO:0043231,GO:0044424,GO:0044444,GO:0044464	ko:K01939,ko:K20870	ko00230,ko00250,ko01100,map00230,map00250,map01100	T	KOG1021@1|root,KOG1021@2759|Eukaryota,37QAT@33090|Viridiplantae,3GG8X@35493|Streptophyta	3218.PP1S110_97V6.1	0
3015.5184004296	1.40523375305305	0.367223253466662	3.73835321038295e-05	0.000399034590826803	g659	-	Aspartyl protease	Asp_protease,UBA,ubiquitin	-	ko:K11885	-	L	KOG0012@1|root,KOG0012@2759|Eukaryota,37HUH@33090|Viridiplantae,3GFVJ@35493|Streptophyta,3HSXJ@3699|Brassicales	3711.Bra001496.1-P	1.88e-147
4098.75220965651	1.4524208078126	0.381354289228449	4.03770408365731e-05	0.000421618230764506	g1326	-	Kinase that can phosphorylate various inositol polyphosphate such as Ins(3,4,5,6)P4 or Ins(1,3,4)P3	Ins134_P3_kin	GO:0000003,GO:0003006,GO:0003674,GO:0003824,GO:0005575,GO:0005622,GO:0005623,GO:0005634,GO:0005737,GO:0006793,GO:0006796,GO:0006950,GO:0007275,GO:0008150,GO:0008152,GO:0009611,GO:0009791,GO:0009987,GO:0010154,GO:0010214,GO:0016301,GO:0016310,GO:0016740,GO:0016772,GO:0016773,GO:0022414,GO:0032501,GO:0032502,GO:0043226,GO:0043227,GO:0043229,GO:0043231,GO:0044237,GO:0044424,GO:0044464,GO:0047325,GO:0048316,GO:0048608,GO:0048731,GO:0048856,GO:0050896,GO:0051765,GO:0051766,GO:0052725,GO:0052726,GO:0061458	ko:K00913	ko00562,ko01100,ko04070,map00562,map01100,map04070	T	28IF7@1|root,2QQS1@2759|Eukaryota,37JMY@33090|Viridiplantae,3GG2C@35493|Streptophyta,3HSX8@3699|Brassicales	28532.XP_010556495.1	1.32e-116
254.97938540526	3.00800829048967	0.882596843617344	4.73428530322903e-05	0.000487293222996645	g1273										
257.79956856799	1.73952861160784	0.477910915302801	5.33955830128054e-05	0.00054569528454931	g1074	-	Cell Division	AAA,CDC48_2,CDC48_N,Vps4_C	GO:0005575,GO:0005623,GO:0005886,GO:0016020,GO:0044464,GO:0071944	ko:K13525	ko04141,ko05134,map04141,map05134	O	COG0464@1|root,KOG0730@2759|Eukaryota,37KI9@33090|Viridiplantae,3G7QA@35493|Streptophyta,3KRJX@4447|Liliopsida,3IGKP@38820|Poales	4565.Traes_1BL_E49EE20D7.1	3.29e-63
261.20089326998	1.42925659361192	0.382965746727427	5.40505644867461e-05	0.00054849903820705	g1018										
751.151818089696	1.56462678113373	0.424525454231973	5.56490876186999e-05	0.000553036794886528	g2031	-	Lysine methyltransferase	Methyltransf_16,NIF	-	ko:K21804,ko:K21806	-	A	KOG2793@1|root,KOG2793@2759|Eukaryota,37WGT@33090|Viridiplantae	3218.PP1S149_279V6.1	5.76e-74
398.993335884632	1.67549313145104	0.460059833374701	5.68073045460884e-05	0.000560680314047352	g222										
28.1251793999001	4.27563013373914	1.31162719261621	6.58581541928053e-05	0.000636923491220352	g1607										
726.886212257975	1.97831649385622	0.561483745668035	6.54886185631445e-05	0.000636923491220352	g2148	-	Serine threonine-protein kinase	Pkinase_Tyr	-	-	-	T	COG0515@1|root,KOG0192@2759|Eukaryota,37MFU@33090|Viridiplantae,3G8KT@35493|Streptophyta,3HXS9@3699|Brassicales	3649.evm.model.supercontig_69.26	3.26e-22
181.42245946432	2.7223791783758	0.811239431417545	6.81436511377053e-05	0.000650298021784326	g1603										
879.490132560424	1.60808726459466	0.446069752751044	7.0207766311611e-05	0.000665588100362049	g1302	-	This protein is an auxiliary protein of DNA polymerase delta and is involved in the control of eukaryotic DNA replication by increasing the polymerase's processibility during elongation of the leading strand	PCNA_C,PCNA_N	GO:0000731,GO:0003674,GO:0003676,GO:0003677,GO:0003682,GO:0003684,GO:0005488,GO:0005575,GO:0005622,GO:0005623,GO:0005634,GO:0006139,GO:0006259,GO:0006260,GO:0006261,GO:0006271,GO:0006272,GO:0006275,GO:0006281,GO:0006282,GO:0006298,GO:0006301,GO:0006725,GO:0006807,GO:0006950,GO:0006974,GO:0008150,GO:0008152,GO:0009058,GO:0009059,GO:0009314,GO:0009411,GO:0009416,GO:0009628,GO:0009889,GO:0009891,GO:0009893,GO:0009987,GO:0010556,GO:0010557,GO:0010604,GO:0016043,GO:0016070,GO:0018130,GO:0019219,GO:0019222,GO:0019438,GO:0019985,GO:0022607,GO:0022616,GO:0030234,GO:0030337,GO:0031323,GO:0031325,GO:0031326,GO:0031328,GO:0032991,GO:0033554,GO:0034641,GO:0034644,GO:0034645,GO:0034654,GO:0043170,GO:0043226,GO:0043227,GO:0043229,GO:0043231,GO:0043626,GO:0043933,GO:0044085,GO:0044237,GO:0044238,GO:0044249,GO:0044260,GO:0044271,GO:0044424,GO:0044464,GO:0044796,GO:0045739,GO:0045740,GO:0045935,GO:0046483,GO:0048518,GO:0048522,GO:0048583,GO:0048584,GO:0050789,GO:0050790,GO:0050794,GO:0050896,GO:0051052,GO:0051054,GO:0051171,GO:0051173,GO:0051259,GO:0051260,GO:0051716,GO:0060255,GO:0065003,GO:0065007,GO:0065009,GO:0070206,GO:0070207,GO:0071214,GO:0071478,GO:0071482,GO:0071704,GO:0071840,GO:0071897,GO:0080090,GO:0080134,GO:0080135,GO:0090304,GO:0097159,GO:0098772,GO:0104004,GO:1901360,GO:1901362,GO:1901363,GO:1901576,GO:2000112,GO:2001020,GO:2001022	ko:K04802	ko03030,ko03410,ko03420,ko03430,ko04110,ko04530,ko05161,ko05166,map03030,map03410,map03420,map03430,map04110,map04530,map05161,map05166	L	COG0592@1|root,KOG1636@2759|Eukaryota,37JTF@33090|Viridiplantae,3GD0W@35493|Streptophyta,3KN4C@4447|Liliopsida,3IG3V@38820|Poales	77586.LPERR02G30050.2	2.79e-148
3093.00110018127	1.87157956229577	0.52853654750671	7.13711695591645e-05	0.000672195132906903	g353	-	COPI associated protein	COPI_assoc	-	-	-	S	2C9HH@1|root,2RXY3@2759|Eukaryota,37TTY@33090|Viridiplantae,3GI6T@35493|Streptophyta	3218.PP1S143_157V6.1	1.19e-112
1194.24724445592	1.47049302395118	0.404114494589174	7.5563349839003e-05	0.000702495400761312	g655	-	Transcription factor	Myb_DNA-binding	-	-	-	K	KOG0724@1|root,KOG0724@2759|Eukaryota,37HPS@33090|Viridiplantae,3GF0Q@35493|Streptophyta	3218.PP1S256_11V6.1	6.99e-116
452.518747410899	1.94232326113877	0.559117933746906	8.07077550021504e-05	0.000745512018962171	g842	-	Belongs to the glycosyl hydrolase 1 family	Glyco_hydro_1	GO:0003674,GO:0003824,GO:0004553,GO:0004565,GO:0005575,GO:0005576,GO:0005622,GO:0005623,GO:0005737,GO:0008150,GO:0008152,GO:0008422,GO:0009507,GO:0009536,GO:0015925,GO:0015926,GO:0016787,GO:0016798,GO:0033907,GO:0042973,GO:0043226,GO:0043227,GO:0043229,GO:0043231,GO:0044424,GO:0044444,GO:0044464,GO:0048046,GO:0071704,GO:0080079,GO:0080083,GO:1901135,GO:1901657	ko:K01188	ko00460,ko00500,ko00940,ko01100,ko01110,map00460,map00500,map00940,map01100,map01110	G	COG2723@1|root,KOG0626@2759|Eukaryota,37SGT@33090|Viridiplantae,3GBC4@35493|Streptophyta	3218.PP1S1_726V6.1	1.81e-237
563.659871109679	1.22958898476208	0.333216118968262	8.25611396604818e-05	0.000757774536629008	g1613	-	FIZZY-related	ANAPC4_WD40,WD40	GO:0000902,GO:0000904,GO:0005575,GO:0005622,GO:0005623,GO:0005634,GO:0005737,GO:0006139,GO:0006259,GO:0006260,GO:0006261,GO:0006275,GO:0006725,GO:0006807,GO:0007049,GO:0008150,GO:0008152,GO:0008361,GO:0009058,GO:0009059,GO:0009653,GO:0009825,GO:0009888,GO:0009889,GO:0009891,GO:0009893,GO:0009987,GO:0010026,GO:0010073,GO:0010074,GO:0010090,GO:0010091,GO:0010492,GO:0010556,GO:0010557,GO:0010564,GO:0010604,GO:0016043,GO:0016049,GO:0019219,GO:0019222,GO:0019827,GO:0022402,GO:0030154,GO:0031323,GO:0031325,GO:0031326,GO:0031328,GO:0032501,GO:0032502,GO:0032535,GO:0032875,GO:0032877,GO:0032989,GO:0034641,GO:0034645,GO:0040007,GO:0042023,GO:0043170,GO:0043226,GO:0043227,GO:0043229,GO:0043231,GO:0044237,GO:0044238,GO:0044249,GO:0044260,GO:0044424,GO:0044464,GO:0044786,GO:0045740,GO:0045787,GO:0045935,GO:0046483,GO:0048468,GO:0048507,GO:0048518,GO:0048522,GO:0048856,GO:0048869,GO:0050789,GO:0050794,GO:0051052,GO:0051054,GO:0051171,GO:0051173,GO:0051726,GO:0060255,GO:0065007,GO:0065008,GO:0071704,GO:0071840,GO:0080090,GO:0090066,GO:0090068,GO:0090304,GO:0090329,GO:0090558,GO:0090626,GO:0098727,GO:1901360,GO:1901576,GO:2000105,GO:2000112	ko:K03364	ko04110,ko04111,ko04120,ko04914,map04110,map04111,map04120,map04914	DO	COG2319@1|root,KOG0305@2759|Eukaryota,37ISU@33090|Viridiplantae,3G8X6@35493|Streptophyta	3218.PP1S118_60V6.1	0
4626.56734179412	1.41299093443993	0.391686220321108	9.25071254651936e-05	0.0008331422987209	g1766	-	Cell division cycle	Myb_Cef,Myb_DNA-bind_6,Myb_DNA-binding	GO:0000981,GO:0000988,GO:0000989,GO:0001067,GO:0001076,GO:0001134,GO:0001135,GO:0002218,GO:0002253,GO:0002376,GO:0002682,GO:0002684,GO:0003674,GO:0003676,GO:0003677,GO:0003700,GO:0005488,GO:0005575,GO:0005622,GO:0005623,GO:0005634,GO:0005737,GO:0006355,GO:0006357,GO:0006950,GO:0006952,GO:0007154,GO:0007165,GO:0008150,GO:0009507,GO:0009536,GO:0009605,GO:0009607,GO:0009617,GO:0009620,GO:0009870,GO:0009889,GO:0009987,GO:0010204,GO:0010468,GO:0010556,GO:0019219,GO:0019222,GO:0023052,GO:0030154,GO:0031323,GO:0031326,GO:0031347,GO:0031349,GO:0032502,GO:0042742,GO:0043207,GO:0043226,GO:0043227,GO:0043229,GO:0043231,GO:0043565,GO:0044212,GO:0044424,GO:0044444,GO:0044464,GO:0045088,GO:0045089,GO:0048518,GO:0048583,GO:0048584,GO:0048869,GO:0050776,GO:0050778,GO:0050789,GO:0050794,GO:0050832,GO:0050896,GO:0051171,GO:0051252,GO:0051704,GO:0051707,GO:0051716,GO:0060255,GO:0065007,GO:0080090,GO:0080134,GO:0097159,GO:0098542,GO:0140110,GO:1901363,GO:1903506,GO:2000112,GO:2001141	ko:K12860	ko03040,map03040	K	COG5147@1|root,KOG0050@2759|Eukaryota,37N9W@33090|Viridiplantae,3GAM9@35493|Streptophyta	3218.PP1S641_1V6.1	0
9683.93268168634	1.32786418710933	0.365232376738862	9.48143713373651e-05	0.000848618068926355	g173	-	-	-	-	-	-	-	28NP8@1|root,2S0X3@2759|Eukaryota,37V1V@33090|Viridiplantae,3GRN5@35493|Streptophyta	88036.EFJ13769	1.53e-125
45.8355509721186	2.87870524253285	0.892354465431827	9.71881141880845e-05	0.000861107626851671	g422	-	-	-	-	-	-	-	2CZNB@1|root,2SB0G@2759|Eukaryota,380N7@33090|Viridiplantae	3218.PP1S115_61V6.1	4.73e-81
1322.89903110646	1.50650175037656	0.426871066270997	0.000107262245195258	0.000931113827267269	g1323	-	assists the folding of proteins upon ATP hydrolysis	Cpn60_TCP1	GO:0003674,GO:0005488,GO:0005515,GO:0005575,GO:0005618,GO:0005622,GO:0005623,GO:0005737,GO:0005829,GO:0005832,GO:0005886,GO:0006457,GO:0006458,GO:0008150,GO:0009987,GO:0016020,GO:0030312,GO:0031224,GO:0031225,GO:0031226,GO:0032991,GO:0044183,GO:0044424,GO:0044425,GO:0044444,GO:0044445,GO:0044459,GO:0044464,GO:0046658,GO:0051082,GO:0061077,GO:0071944,GO:0101031	ko:K09494	-	O	COG0459@1|root,KOG0363@2759|Eukaryota,37I4F@33090|Viridiplantae,3G8JY@35493|Streptophyta	3218.PP1S116_55V6.1	1.09e-123
94.786675937548	2.03211751120749	0.604089604658926	0.000111600402584	0.000955181492488409	g1206	-	ribosomal RNA-processing protein	RRP14,SURF6	-	-	-	S	KOG2885@1|root,KOG2885@2759|Eukaryota,37PDC@33090|Viridiplantae,3GDWS@35493|Streptophyta	3218.PP1S35_285V6.1	1.36e-05
58.9833154294338	1.88998648460669	0.555306383575082	0.00011192520218466	0.000955181492488409	g1614	-	-	-	-	-	-	-	28KYV@1|root,2S54Q@2759|Eukaryota,388S2@33090|Viridiplantae,3GXF9@35493|Streptophyta	3218.PP1S363_23V6.1	7.02e-27
43.7925850726409	2.34623621355825	0.718907697137684	0.000124176828487135	0.00103432838063561	g561										
1090.22441990018	1.55303338402763	0.448851279933495	0.000134626942571713	0.00110855670997622	g1908	-	Peroxisome biogenesis protein	-	-	-	-	S	2CMFY@1|root,2QQ8Q@2759|Eukaryota,37K19@33090|Viridiplantae,3G8NA@35493|Streptophyta	3218.PP1S25_340V6.1	7.39e-155
15932.7049211025	2.56302470861077	0.798813037086493	0.000136395939707427	0.001113717999833	g418	-	Glucose and ribitol	adh_short_C2	GO:0003674,GO:0003824,GO:0004033,GO:0005575,GO:0005622,GO:0005623,GO:0005737,GO:0008106,GO:0008150,GO:0008152,GO:0009507,GO:0009536,GO:0016491,GO:0016614,GO:0016616,GO:0043226,GO:0043227,GO:0043229,GO:0043231,GO:0044424,GO:0044444,GO:0044464,GO:0055114	-	-	Q	COG1028@1|root,KOG0725@2759|Eukaryota,37HIG@33090|Viridiplantae,3GG6F@35493|Streptophyta	3218.PP1S6_369V6.1	9.59e-191
1795.98414069251	1.17037799195073	0.327145426937812	0.000137658228127858	0.001113717999833	g777	-	-	-	-	-	-	-	28KAS@1|root,2QSRK@2759|Eukaryota,37KKN@33090|Viridiplantae,3G7DU@35493|Streptophyta	3218.PP1S223_97V6.1	1.63e-173
1342.08202371078	1.36994892732495	0.392526684244784	0.000148623225115792	0.00118323794139147	g1477	-	Zinc finger protein	zf-C2H2_jaz	GO:0000054,GO:0000055,GO:0003674,GO:0005488,GO:0005575,GO:0006403,GO:0006405,GO:0006611,GO:0006810,GO:0006886,GO:0006913,GO:0008104,GO:0008150,GO:0015031,GO:0015833,GO:0015931,GO:0022613,GO:0030684,GO:0030687,GO:0031503,GO:0032991,GO:0033036,GO:0033750,GO:0034613,GO:0042254,GO:0042886,GO:0043021,GO:0043023,GO:0044085,GO:0044877,GO:0045184,GO:0046907,GO:0050657,GO:0050658,GO:0051168,GO:0051169,GO:0051179,GO:0051234,GO:0051236,GO:0051640,GO:0051641,GO:0051649,GO:0051656,GO:0070727,GO:0071166,GO:0071426,GO:0071428,GO:0071702,GO:0071705,GO:0071840,GO:1990904	ko:K14821	-	A	COG5112@1|root,KOG3408@2759|Eukaryota,37UKR@33090|Viridiplantae,3GIKZ@35493|Streptophyta	3218.PP1S37_98V6.1	3.24e-56
17.156967039477	3.3273179160024	1.08541689504287	0.000160902931764679	0.00125330337661028	g366	-	Subtilase family	Inhibitor_I9,Peptidase_S8	-	-	-	O	COG1404@1|root,2R8FD@2759|Eukaryota,37Z30@33090|Viridiplantae,3G8YW@35493|Streptophyta,3KY5R@4447|Liliopsida,3ID5M@38820|Poales	4533.OB02G20360.1	5.23e-30
24.6184076502834	3.24821232387783	1.07999943908899	0.000185287625311037	0.00140526035828003	g1937										
165.765117010744	1.64538178708124	0.494243206221375	0.00018639411981847	0.00140625092491317	g1174										
1249.26452106962	1.08993294746629	0.309527226621703	0.000188849709449873	0.00141735641311076	g1678	-	Belongs to the class-IV pyridoxal-phosphate-dependent aminotransferase family	Aminotran_4	-	ko:K00826	ko00270,ko00280,ko00290,ko00770,ko01100,ko01110,ko01130,ko01210,ko01230,map00270,map00280,map00290,map00770,map01100,map01110,map01130,map01210,map01230	E	COG0115@1|root,KOG0975@2759|Eukaryota,37IQ3@33090|Viridiplantae,3GE3I@35493|Streptophyta	3218.PP1S141_83V6.1	9.22e-150
127.172058828329	1.74004733142224	0.537831034073556	0.000228838088531542	0.00169977157512346	g2055										
1413.46099879701	1.19182869642238	0.348800442744984	0.000237416254084216	0.0017454939904865	g861	ATG5	required for autophagy	APG5	GO:0000045,GO:0000407,GO:0000422,GO:0005575,GO:0005622,GO:0005623,GO:0005737,GO:0006464,GO:0006497,GO:0006501,GO:0006807,GO:0006914,GO:0006950,GO:0006952,GO:0006995,GO:0006996,GO:0007005,GO:0007033,GO:0007154,GO:0007275,GO:0007568,GO:0008150,GO:0008152,GO:0009056,GO:0009058,GO:0009059,GO:0009267,GO:0009605,GO:0009607,GO:0009620,GO:0009987,GO:0009991,GO:0010150,GO:0016020,GO:0016043,GO:0016236,GO:0018410,GO:0019538,GO:0022411,GO:0022607,GO:0031667,GO:0031668,GO:0031669,GO:0032501,GO:0032502,GO:0032991,GO:0033554,GO:0034045,GO:0034274,GO:0034645,GO:0036211,GO:0042157,GO:0042158,GO:0042594,GO:0043170,GO:0043207,GO:0043412,GO:0043562,GO:0043687,GO:0044085,GO:0044237,GO:0044238,GO:0044248,GO:0044249,GO:0044260,GO:0044267,GO:0044424,GO:0044444,GO:0044464,GO:0044804,GO:0048366,GO:0048367,GO:0048731,GO:0048827,GO:0048856,GO:0050832,GO:0050896,GO:0051704,GO:0051707,GO:0051716,GO:0061726,GO:0061919,GO:0070925,GO:0071496,GO:0071704,GO:0071840,GO:0090693,GO:0098542,GO:0098805,GO:0099402,GO:1901564,GO:1901566,GO:1901576,GO:1902494,GO:1903008,GO:1905037,GO:1990234	ko:K08339	ko04136,ko04137,ko04138,ko04140,ko04211,ko04213,ko04216,ko04621,ko04622,ko05131,map04136,map04137,map04138,map04140,map04211,map04213,map04216,map04621,map04622,map05131	O	KOG2976@1|root,KOG2976@2759|Eukaryota,37N1Q@33090|Viridiplantae,3GDNU@35493|Streptophyta	3218.PP1S227_54V6.1	1.89e-222
791.862406259816	1.41340617059247	0.423018461108461	0.000239386685922828	0.00175104677367916	g594	-	Ras-related protein	Ras	GO:0000278,GO:0000281,GO:0000910,GO:0000911,GO:0005575,GO:0005622,GO:0005623,GO:0005737,GO:0005768,GO:0005829,GO:0005886,GO:0007049,GO:0008150,GO:0009504,GO:0009987,GO:0012505,GO:0016020,GO:0022402,GO:0031410,GO:0031982,GO:0032506,GO:0043226,GO:0043227,GO:0043229,GO:0044424,GO:0044444,GO:0044464,GO:0051301,GO:0061640,GO:0071944,GO:0097708,GO:1902410,GO:1903047	ko:K07904	ko04144,ko04961,ko04962,ko04972,map04144,map04961,map04962,map04972	U	COG1100@1|root,KOG0087@2759|Eukaryota,37J9I@33090|Viridiplantae,3G78Y@35493|Streptophyta	90675.XP_010490204.1	1.24e-74
41.010220355461	2.30437793467668	0.758145750735644	0.000262551555610474	0.00188227259519748	g1315	-	protein C4orf29 homolog	DUF2048	-	-	-	J	KOG1551@1|root,KOG1551@2759|Eukaryota,37HQT@33090|Viridiplantae,3G75I@35493|Streptophyta	3218.PP1S376_2V6.1	2.34e-96
21.8079611154929	3.16511267320277	1.09963010565081	0.000279912408115051	0.00199320987457389	g1214										
3198.84739515424	1.11928412843308	0.334900021882192	0.0003382249225479	0.0023637594151964	g744	-	COMM domain	COMM_domain	-	-	-	S	2F1KB@1|root,2T2K7@2759|Eukaryota,382S2@33090|Viridiplantae,3GRWG@35493|Streptophyta	3218.PP1S434_5V6.1	2.49e-29
799.396372493623	1.47577146270294	0.465267739232921	0.000395618046184117	0.00267924857550736	g406	-	E3 ubiquitin-protein ligase	zf-RING_2	-	-	-	O	KOG0800@1|root,KOG0800@2759|Eukaryota,37P27@33090|Viridiplantae,3GGM5@35493|Streptophyta	3218.PP1S74_119V6.1	4.66e-178
8.69479805287795	4.65599556917545	1.7587876206625	0.000396030497281796	0.00267924857550736	g631										
4380.38431902699	1.11230184086331	0.339080301154994	0.00039811516114921	0.00268076610848604	g1086	-	Belongs to the glutamyl-tRNA reductase family	GlutR_N,GlutR_dimer,Shikimate_DH	-	ko:K02492	ko00860,ko01100,ko01110,ko01120,map00860,map01100,map01110,map01120	H	COG0373@1|root,2QQ1H@2759|Eukaryota,37HHJ@33090|Viridiplantae,3G9FS@35493|Streptophyta	3218.PP1S13_20V6.1	0
3620.66153461324	1.08402989390602	0.32811321545848	0.00041970599951997	0.0027870799322962	g1981	-	Protein TIC 40, chloroplastic-like	-	GO:0005575,GO:0005622,GO:0005623,GO:0005737,GO:0006605,GO:0006810,GO:0006886,GO:0006996,GO:0008104,GO:0008150,GO:0009507,GO:0009526,GO:0009528,GO:0009534,GO:0009535,GO:0009536,GO:0009579,GO:0009657,GO:0009658,GO:0009706,GO:0009941,GO:0009987,GO:0015031,GO:0015833,GO:0016020,GO:0016043,GO:0017038,GO:0019866,GO:0031090,GO:0031897,GO:0031967,GO:0031969,GO:0031975,GO:0031976,GO:0031984,GO:0032991,GO:0033036,GO:0033365,GO:0034357,GO:0034613,GO:0042170,GO:0042651,GO:0042886,GO:0043226,GO:0043227,GO:0043229,GO:0043231,GO:0044422,GO:0044424,GO:0044425,GO:0044434,GO:0044435,GO:0044436,GO:0044444,GO:0044446,GO:0044464,GO:0045036,GO:0045037,GO:0045184,GO:0046907,GO:0051179,GO:0051234,GO:0051641,GO:0051649,GO:0055035,GO:0055085,GO:0065002,GO:0070727,GO:0071702,GO:0071705,GO:0071806,GO:0071840,GO:0072594,GO:0072596,GO:0072598,GO:0098796	-	-	OT	KOG1308@1|root,KOG1308@2759|Eukaryota,37KNI@33090|Viridiplantae,3GBMT@35493|Streptophyta	3218.PP1S159_2V6.1	2.48e-202
15.4253688120033	4.59230284704818	1.73568629844504	0.00053961154410186	0.00344814098290406	g354	-	GDP-fucose protein O-fucosyltransferase	O-FucT	GO:0005575,GO:0005622,GO:0005623,GO:0005737,GO:0005768,GO:0005794,GO:0005802,GO:0012505,GO:0031410,GO:0031982,GO:0031984,GO:0043226,GO:0043227,GO:0043229,GO:0043231,GO:0044422,GO:0044424,GO:0044431,GO:0044444,GO:0044446,GO:0044464,GO:0097708,GO:0098791	-	-	G	28KY0@1|root,2QTEN@2759|Eukaryota,37PZN@33090|Viridiplantae,3GH5H@35493|Streptophyta,4JHY9@91835|fabids	57918.XP_004296991.1	1.45e-25
64.4101294103223	3.25128671377253	1.2705046977414	0.000540791021607437	0.00344814098290406	g1390	-	Coprinopsis cinerea okayama7 130	Chromo,Peptidase_A2E,RVP_2,RVT_1,Retrotrans_gag,rve,zf-H2C2	GO:0003674,GO:0003824,GO:0003964,GO:0005575,GO:0005622,GO:0005623,GO:0005634,GO:0006139,GO:0006259,GO:0006278,GO:0006725,GO:0006807,GO:0008150,GO:0008152,GO:0009058,GO:0009059,GO:0009987,GO:0016740,GO:0016772,GO:0016779,GO:0018130,GO:0019438,GO:0034061,GO:0034641,GO:0034645,GO:0034654,GO:0043170,GO:0043226,GO:0043227,GO:0043229,GO:0043231,GO:0044237,GO:0044238,GO:0044249,GO:0044260,GO:0044271,GO:0044424,GO:0044464,GO:0046483,GO:0071704,GO:0071897,GO:0090304,GO:0140097,GO:1901360,GO:1901362,GO:1901576	-	-	L	COG2801@1|root,KOG0017@2759|Eukaryota,38F42@33154|Opisthokonta,3NVKU@4751|Fungi,3UXZ9@5204|Basidiomycota,3VEK4@5234|Tremellales	82508.K1VJP7	5.91e-36
563.749856404553	1.1106651447033	0.34621752117304	0.000561629878304231	0.00354959936244034	g1677	-	Belongs to the class-IV pyridoxal-phosphate-dependent aminotransferase family	Aminotran_4	-	ko:K00826	ko00270,ko00280,ko00290,ko00770,ko01100,ko01110,ko01130,ko01210,ko01230,map00270,map00280,map00290,map00770,map01100,map01110,map01130,map01210,map01230	E	COG0115@1|root,KOG0975@2759|Eukaryota,37IQ3@33090|Viridiplantae,3GE3I@35493|Streptophyta	3218.PP1S25_170V6.1	1.79e-58
1041.94570422839	1.68492340687306	0.569934020749606	0.00060716622808312	0.00378756075613756	g332										
844.547265394295	1.25786109408787	0.403109587268258	0.000604636305635482	0.00378756075613756	g405										
1005.69160643067	1.38026716326674	0.449017203635564	0.000620882820966409	0.00385643165953705	g820	-	Metal transporter	Nramp	GO:0000041,GO:0003674,GO:0005215,GO:0005381,GO:0005384,GO:0005575,GO:0005623,GO:0005886,GO:0006810,GO:0006811,GO:0006812,GO:0006826,GO:0006828,GO:0008150,GO:0008324,GO:0015075,GO:0015086,GO:0015318,GO:0015691,GO:0016020,GO:0022857,GO:0022890,GO:0030001,GO:0034220,GO:0034755,GO:0042592,GO:0044464,GO:0046873,GO:0046915,GO:0048878,GO:0050801,GO:0051179,GO:0051234,GO:0055065,GO:0055071,GO:0055076,GO:0055080,GO:0055085,GO:0065007,GO:0065008,GO:0070574,GO:0070838,GO:0071421,GO:0071944,GO:0072511,GO:0098655,GO:0098660,GO:0098662,GO:0098771	ko:K03322,ko:K09775,ko:K21398	ko04142,ko04216,ko04978,map04142,map04216,map04978	P	COG1914@1|root,KOG1291@2759|Eukaryota,37I3K@33090|Viridiplantae,3G9ZW@35493|Streptophyta	3218.PP1S37_40V6.1	2.96e-275
15.1811755903733	2.63397031841505	0.98318947025513	0.000673874119127919	0.00416760774962803	g1750										
1944.56325496522	1.32177120074076	0.435532196520179	0.000758680210133989	0.00459352177648352	g1674	-	Aldo-keto reductase family 4 member	Aldo_ket_red	-	ko:K00002	ko00010,ko00040,ko00561,ko00930,ko01100,ko01110,ko01120,ko01130,ko01220,map00010,map00040,map00561,map00930,map01100,map01110,map01120,map01130,map01220	L	COG0656@1|root,KOG1577@2759|Eukaryota,37K4A@33090|Viridiplantae,3GA99@35493|Streptophyta	3218.PP1S141_128V6.1	1.1e-184
3838.25787119297	1.20131968194209	0.390372603893396	0.000782373946103553	0.00469750356806342	g1866	-	Ran-binding protein 1 homolog	Ran_BP1	-	ko:K15306	ko05166,ko05203,map05166,map05203	U	COG5171@1|root,KOG0864@2759|Eukaryota,37S4Z@33090|Viridiplantae,3G8DW@35493|Streptophyta	3218.PP1S158_50V6.1	5.32e-96
676.934970922072	1.07661507685862	0.349458550978927	0.000902726908131395	0.00526651609156818	g970	-	Zinc finger matrin-type protein	DUF4378,VARLMGL,zf-C2H2_jaz,zf-met	GO:0000375,GO:0000377,GO:0000398,GO:0003674,GO:0003676,GO:0003723,GO:0005488,GO:0005575,GO:0005622,GO:0005623,GO:0005634,GO:0006139,GO:0006396,GO:0006397,GO:0006725,GO:0006807,GO:0008150,GO:0008152,GO:0008380,GO:0009987,GO:0010467,GO:0016070,GO:0016071,GO:0030532,GO:0032991,GO:0034641,GO:0043170,GO:0043226,GO:0043227,GO:0043229,GO:0043231,GO:0044237,GO:0044238,GO:0044422,GO:0044424,GO:0044428,GO:0044446,GO:0044464,GO:0046483,GO:0046540,GO:0071704,GO:0090304,GO:0097159,GO:0097525,GO:0097526,GO:0120114,GO:1901360,GO:1901363,GO:1990904	ko:K12848	ko03040,map03040	A	KOG4727@1|root,KOG4727@2759|Eukaryota,37P0M@33090|Viridiplantae,3GCK4@35493|Streptophyta	3218.PP1S201_87V6.2	2.68e-92
674.019423039435	1.01413088225614	0.327587670167261	0.000935169607772098	0.00541196548112286	g1710	-	dna topoisomerase	Topo_C_assoc,Topoisom_I,Topoisom_I_N	GO:0000228,GO:0003674,GO:0003824,GO:0003916,GO:0003917,GO:0005575,GO:0005622,GO:0005623,GO:0005634,GO:0005657,GO:0005694,GO:0005730,GO:0006139,GO:0006259,GO:0006260,GO:0006265,GO:0006325,GO:0006338,GO:0006725,GO:0006807,GO:0006996,GO:0007059,GO:0008150,GO:0008152,GO:0009058,GO:0009059,GO:0009987,GO:0016020,GO:0016043,GO:0016853,GO:0031298,GO:0031974,GO:0031981,GO:0032991,GO:0034641,GO:0034645,GO:0043170,GO:0043226,GO:0043227,GO:0043228,GO:0043229,GO:0043231,GO:0043232,GO:0043233,GO:0043596,GO:0044237,GO:0044238,GO:0044249,GO:0044260,GO:0044422,GO:0044424,GO:0044427,GO:0044428,GO:0044446,GO:0044454,GO:0044464,GO:0046483,GO:0051276,GO:0070013,GO:0071103,GO:0071704,GO:0071840,GO:0090304,GO:0140097,GO:1901360,GO:1901576	ko:K03163	-	L	COG3569@1|root,KOG0981@2759|Eukaryota,37HPB@33090|Viridiplantae,3GCX6@35493|Streptophyta	3218.PP1S161_13V6.1	0
2330.73674950419	1.7236766054468	0.616909925842756	0.000956402607976962	0.00551270463237921	g1283	-	Interconversion of serine and glycine	SHMT	GO:0003674,GO:0003824,GO:0004372,GO:0005575,GO:0005622,GO:0005623,GO:0005634,GO:0005737,GO:0005739,GO:0005759,GO:0006730,GO:0006732,GO:0006790,GO:0008150,GO:0008152,GO:0009987,GO:0010035,GO:0010038,GO:0016740,GO:0016741,GO:0016742,GO:0017144,GO:0019219,GO:0019222,GO:0031323,GO:0031974,GO:0042221,GO:0042592,GO:0043226,GO:0043227,GO:0043229,GO:0043231,GO:0043233,GO:0044030,GO:0044237,GO:0044281,GO:0044422,GO:0044424,GO:0044429,GO:0044444,GO:0044446,GO:0044464,GO:0046500,GO:0046686,GO:0048878,GO:0050789,GO:0050794,GO:0050801,GO:0050896,GO:0051052,GO:0051171,GO:0051186,GO:0055063,GO:0055081,GO:0060255,GO:0065007,GO:0065008,GO:0070013,GO:0071704,GO:0072505,GO:0080090,GO:0098771	ko:K00600	ko00260,ko00460,ko00630,ko00670,ko00680,ko01100,ko01110,ko01120,ko01130,ko01200,ko01230,ko01523,map00260,map00460,map00630,map00670,map00680,map01100,map01110,map01120,map01130,map01200,map01230,map01523	E	COG0112@1|root,KOG2467@2759|Eukaryota,37IZR@33090|Viridiplantae,3GAW6@35493|Streptophyta	3218.PP1S227_136V6.1	0
11.1221421586133	3.66953409795173	1.48901511477069	0.000983023461005197	0.00564357293748402	g1888	-	Protein NRT1 PTR FAMILY	PTR2	-	ko:K14638	-	E	COG3104@1|root,KOG1237@2759|Eukaryota,37MFV@33090|Viridiplantae,3GDK3@35493|Streptophyta	3218.PP1S298_45V6.1	0
34.2667092506429	1.80724658590494	0.662512345112282	0.00107493404654955	0.00607443121991336	g444										
9.10592759186172	6.04212136722416	3.4467395203466	0.00109444764746575	0.00615512413652053	g1515										
48.6874628396848	1.74400664110401	0.643085722571767	0.00117380314162747	0.00655600901971001	g562	-	zinc finger	zf-C3HC4,zf-C3HC4_2,zf-C3HC4_3	-	ko:K10666	ko04141,map04141	O	COG5574@1|root,KOG0823@2759|Eukaryota,37M0I@33090|Viridiplantae,3GHIY@35493|Streptophyta	3218.PP1S227_64V6.1	1.66e-214
1402.84378111604	1.11201145081646	0.379425835199067	0.0014234883791821	0.00782918608550156	g773	-	Belongs to the class V-like SAM-binding methyltransferase superfamily. Histone-lysine methyltransferase family. TRX MLL subfamily	PHD,PHD_2,PWWP,SET,zf-HC5HC2H_2	GO:0005575,GO:0005911,GO:0008150,GO:0009292,GO:0009294,GO:0009506,GO:0009893,GO:0009987,GO:0010604,GO:0010638,GO:0019222,GO:0030054,GO:0031056,GO:0031058,GO:0031060,GO:0031062,GO:0031323,GO:0031325,GO:0031399,GO:0031401,GO:0032268,GO:0032270,GO:0033043,GO:0033044,GO:0044764,GO:0048518,GO:0048522,GO:0050789,GO:0050794,GO:0051128,GO:0051130,GO:0051171,GO:0051173,GO:0051246,GO:0051247,GO:0051569,GO:0051571,GO:0051704,GO:0055044,GO:0060255,GO:0065007,GO:0080090,GO:1902275,GO:1905269,GO:2001252	-	-	BK	COG2940@1|root,KOG1080@2759|Eukaryota,37JIW@33090|Viridiplantae,3GDVZ@35493|Streptophyta	3218.PP1S47_35V6.1	0
967.395264801825	1.01916654156016	0.346529723722379	0.00152999125395122	0.00822655745128248	g1314	-	Alpha beta hydrolase domain-containing protein	Abhydrolase_6	-	-	-	J	COG0596@1|root,KOG2382@2759|Eukaryota,37QUH@33090|Viridiplantae,3GAJV@35493|Streptophyta	3218.PP1S227_56V6.2	4.85e-190
2443.14903573251	1.29123584462024	0.454339568521926	0.00155400915643214	0.0083246364104785	g2132	-	Belongs to the mitochondrial carrier (TC 2.A.29) family	Mito_carr	GO:0000295,GO:0003674,GO:0005215,GO:0005346,GO:0005347,GO:0005471,GO:0005575,GO:0005622,GO:0005623,GO:0005737,GO:0005739,GO:0005740,GO:0005743,GO:0006810,GO:0006811,GO:0006820,GO:0006839,GO:0006855,GO:0006862,GO:0006996,GO:0007005,GO:0007006,GO:0008150,GO:0008509,GO:0008514,GO:0009507,GO:0009526,GO:0009536,GO:0009941,GO:0009987,GO:0015075,GO:0015215,GO:0015216,GO:0015217,GO:0015238,GO:0015291,GO:0015297,GO:0015301,GO:0015605,GO:0015711,GO:0015748,GO:0015865,GO:0015866,GO:0015867,GO:0015868,GO:0015893,GO:0015931,GO:0015932,GO:0016020,GO:0016021,GO:0016043,GO:0019866,GO:0022804,GO:0022857,GO:0031090,GO:0031224,GO:0031966,GO:0031967,GO:0031975,GO:0034220,GO:0042221,GO:0042493,GO:0043226,GO:0043227,GO:0043229,GO:0043231,GO:0044422,GO:0044424,GO:0044425,GO:0044429,GO:0044434,GO:0044435,GO:0044444,GO:0044446,GO:0044464,GO:0046902,GO:0050896,GO:0051179,GO:0051234,GO:0051503,GO:0055085,GO:0061024,GO:0065007,GO:0065008,GO:0071702,GO:0071705,GO:0071840,GO:0090559,GO:0098656,GO:0099516,GO:1901264,GO:1901505,GO:1901679	ko:K05863	ko04020,ko04022,ko04217,ko04218,ko05012,ko05016,ko05166,map04020,map04022,map04217,map04218,map05012,map05016,map05166	C	KOG0749@1|root,KOG0749@2759|Eukaryota,37N6E@33090|Viridiplantae,3GB1H@35493|Streptophyta	3218.PP1S269_11V6.1	6.22e-240
3238.40100531417	1.52877283204554	0.567340718868915	0.00162129067020514	0.00858926417560884	g540										
40.3880349023163	2.35571243854801	1.01366434868777	0.00174928789872257	0.00919972212430374	g1110										
282.911295192433	1.18677202529458	0.420830039256847	0.00175769273287322	0.00921030992025566	g654										
2229.89150637757	1.30493133804674	0.47113863059857	0.00187835675880707	0.00967879866771382	g1325	-	assists the folding of proteins upon ATP hydrolysis	Cpn60_TCP1	GO:0003674,GO:0005488,GO:0005515,GO:0005575,GO:0005618,GO:0005622,GO:0005623,GO:0005737,GO:0005829,GO:0005832,GO:0005886,GO:0006457,GO:0006458,GO:0008150,GO:0009987,GO:0016020,GO:0030312,GO:0031224,GO:0031225,GO:0031226,GO:0032991,GO:0044183,GO:0044424,GO:0044425,GO:0044444,GO:0044445,GO:0044459,GO:0044464,GO:0046658,GO:0051082,GO:0061077,GO:0071944,GO:0101031	ko:K09494	-	O	COG0459@1|root,KOG0363@2759|Eukaryota,37I4F@33090|Viridiplantae,3G8JY@35493|Streptophyta	3218.PP1S307_63V6.1	0
456.713973246314	1.16982274511407	0.416974100360414	0.00187620705995953	0.00967879866771382	g2128	-	Methyltransferase domain	Methyltransf_32	-	-	-	Q	COG0500@1|root,2QUFE@2759|Eukaryota,380D7@33090|Viridiplantae	3218.PP1S3_511V6.1	4.04e-179
52.4371704431862	1.65322270464485	0.644060064294772	0.00192622368481665	0.00984286641780425	g2380										
506.466265258567	1.16186433912191	0.416690095964407	0.00200830531657955	0.0101900280323632	g2189	-	-	-	-	-	-	-	28IW5@1|root,2QR7S@2759|Eukaryota,37RR6@33090|Viridiplantae,3GE2N@35493|Streptophyta	3218.PP1S60_281V6.1	0
12.2773821317725	2.6372162259526	1.19570361925938	0.00210455287636293	0.0106037087232132	g690										
36.281358424183	1.89411215463577	0.786121631667715	0.00218150891075253	0.0109531510118272	g923										
2511.53267490833	1.00415430192083	0.354460335745444	0.00222909060594273	0.0110762743557361	g941	-	Belongs to the alpha-IPM synthase homocitrate synthase family	HMGL-like,LeuA_dimer	GO:0003674,GO:0003824,GO:0003852,GO:0005575,GO:0005622,GO:0005623,GO:0005737,GO:0006082,GO:0006520,GO:0006551,GO:0006807,GO:0008150,GO:0008152,GO:0008652,GO:0009058,GO:0009081,GO:0009082,GO:0009098,GO:0009507,GO:0009526,GO:0009532,GO:0009536,GO:0009570,GO:0009941,GO:0009987,GO:0016053,GO:0016740,GO:0016746,GO:0019752,GO:0031967,GO:0031975,GO:0043226,GO:0043227,GO:0043229,GO:0043231,GO:0043436,GO:0044237,GO:0044238,GO:0044249,GO:0044281,GO:0044283,GO:0044422,GO:0044424,GO:0044434,GO:0044435,GO:0044444,GO:0044446,GO:0044464,GO:0046394,GO:0046912,GO:0071704,GO:1901564,GO:1901566,GO:1901576,GO:1901605,GO:1901607	ko:K01649	ko00290,ko00620,ko01100,ko01110,ko01210,ko01230,map00290,map00620,map01100,map01110,map01210,map01230	E	COG0119@1|root,KOG2367@2759|Eukaryota,37PTT@33090|Viridiplantae,3GAF3@35493|Streptophyta	3218.PP1S47_214V6.1	0
22.3466807350783	2.09329064813682	0.894419427714102	0.00230302673676248	0.0114043351466486	g1292	-	Belongs to the glycosyl hydrolase 17 family	Glyco_hydro_17	GO:0000272,GO:0003674,GO:0003824,GO:0004553,GO:0005975,GO:0005976,GO:0006073,GO:0006074,GO:0006076,GO:0006950,GO:0006952,GO:0008150,GO:0008152,GO:0008422,GO:0009056,GO:0009057,GO:0009251,GO:0009605,GO:0009607,GO:0009620,GO:0009987,GO:0015926,GO:0016052,GO:0016787,GO:0016798,GO:0042973,GO:0043170,GO:0043207,GO:0044042,GO:0044237,GO:0044238,GO:0044247,GO:0044248,GO:0044260,GO:0044262,GO:0044264,GO:0044275,GO:0050832,GO:0050896,GO:0051273,GO:0051275,GO:0051704,GO:0051707,GO:0071704,GO:0098542,GO:1901575	-	-	G	2CME4@1|root,2QQ3M@2759|Eukaryota,37JV7@33090|Viridiplantae,3GC14@35493|Streptophyta	3218.PP1S26_166V6.1	9.51e-11
6215.6602370431	2.01659146023944	0.859986124780515	0.00233541425591132	0.0114467072883272	g171										
2855.85632332129	1.22993246518444	0.45400188256351	0.00232775336163091	0.0114467072883272	g467	-	Peptidyl-prolyl cis-trans isomerase	Pro_isomerase,TPR_1,TPR_2	GO:0000003,GO:0000413,GO:0003006,GO:0003674,GO:0003755,GO:0003824,GO:0005575,GO:0005622,GO:0005623,GO:0005737,GO:0005829,GO:0006464,GO:0006807,GO:0007275,GO:0008150,GO:0008152,GO:0009791,GO:0009888,GO:0009908,GO:0009987,GO:0010022,GO:0010050,GO:0010073,GO:0010582,GO:0016853,GO:0016859,GO:0018193,GO:0018208,GO:0019538,GO:0022414,GO:0032501,GO:0032502,GO:0036211,GO:0043170,GO:0043412,GO:0044237,GO:0044238,GO:0044260,GO:0044267,GO:0044424,GO:0044444,GO:0044464,GO:0048367,GO:0048507,GO:0048608,GO:0048731,GO:0048856,GO:0061458,GO:0071704,GO:0090567,GO:0140096,GO:1901564	ko:K05864	ko04217,ko04218,map04217,map04218	O	COG0652@1|root,KOG0546@2759|Eukaryota,37JX7@33090|Viridiplantae,3G7G7@35493|Streptophyta	3218.PP1S181_43V6.1	1.61e-201
113.711185321106	1.79645715754889	0.751635187387474	0.00255652850932233	0.0124038975822676	g1316	-	protein C4orf29 homolog	DUF2048	-	-	-	J	KOG1551@1|root,KOG1551@2759|Eukaryota,37HQT@33090|Viridiplantae,3G75I@35493|Streptophyta	3218.PP1S376_2V6.1	6.66e-131
5.54114477321469	5.0099872911886	3.42393868876066	0.00257004199006539	0.0124276191533027	g474	-	Tc5 transposase DNA-binding domain	HTH_Tnp_Tc5,HTH_psq	-	-	-	S	2CRS4@1|root,2R8WG@2759|Eukaryota,382XM@33090|Viridiplantae,3GR8Y@35493|Streptophyta	3218.PP1S10_38V6.1	2.88e-21
2770.57186824365	1.44554138011386	0.567314808479447	0.00270110291062818	0.012974297647384	g2118	-	factor y subunit	CBFD_NFYB_HMF	-	ko:K08065	ko04612,ko05152,ko05166,map04612,map05152,map05166	K	COG2036@1|root,KOG0869@2759|Eukaryota,37TXF@33090|Viridiplantae,3GJ6A@35493|Streptophyta	3218.PP1S25_89V6.1	4.79e-65
3030.68558544076	1.07499410731907	0.39935572760929	0.00309555269691309	0.0146252178237763	g2214	-	Ubiquinone biosynthesis protein	COQ9	-	ko:K18587	-	S	COG5590@1|root,KOG2969@2759|Eukaryota,37P4H@33090|Viridiplantae,3G7U8@35493|Streptophyta	3218.PP1S6_148V6.1	1.09e-160
11816.2106401775	1.39033093729004	0.555467646805141	0.00348422104067247	0.016196008127771	g1699	IFI27L2	Interferon-induced 6-16 family	Ifi-6-16	-	-	-	S	2E0S1@1|root,2S91W@2759|Eukaryota,3A9PW@33154|Opisthokonta,3BUVB@33208|Metazoa,3DAIN@33213|Bilateria,48GGP@7711|Chordata,49N5S@7742|Vertebrata	144197.XP_008303481.1	0.00015
228.43794577795	1.15489973614638	0.444927843332425	0.00355588741950553	0.016423185165088	g1338	-	multicellular organism development	Cofac_haem_bdg,RETICULATA-like	GO:0005575,GO:0005622,GO:0005623,GO:0005737,GO:0006725,GO:0006778,GO:0006779,GO:0006807,GO:0008150,GO:0008152,GO:0009058,GO:0009507,GO:0009536,GO:0009719,GO:0009725,GO:0009741,GO:0009987,GO:0010033,GO:0014070,GO:0015994,GO:0015995,GO:0018130,GO:0019438,GO:0033013,GO:0033014,GO:0033993,GO:0034641,GO:0042221,GO:0042440,GO:0043226,GO:0043227,GO:0043229,GO:0043231,GO:0044237,GO:0044249,GO:0044271,GO:0044424,GO:0044444,GO:0044464,GO:0046148,GO:0046483,GO:0050896,GO:0051186,GO:0051188,GO:0071704,GO:1901360,GO:1901362,GO:1901564,GO:1901566,GO:1901576,GO:1901700	-	-	S	2CMB3@1|root,2QPUQ@2759|Eukaryota,37P1Z@33090|Viridiplantae,3GFNB@35493|Streptophyta	3218.PP1S35_60V6.1	0
417.097048822524	1.3259977135911	0.532424432556041	0.0036669505062453	0.0167748434269825	g1523	-	belongs to the protein kinase superfamily	Pkinase,Pkinase_Tyr	GO:0003674,GO:0003824,GO:0004672,GO:0004674,GO:0004675,GO:0004888,GO:0005575,GO:0005623,GO:0005886,GO:0006464,GO:0006468,GO:0006793,GO:0006796,GO:0006807,GO:0007154,GO:0007165,GO:0007166,GO:0007167,GO:0007178,GO:0008150,GO:0008152,GO:0009987,GO:0016020,GO:0016301,GO:0016310,GO:0016740,GO:0016772,GO:0016773,GO:0019199,GO:0019538,GO:0023052,GO:0036211,GO:0038023,GO:0043170,GO:0043412,GO:0044237,GO:0044238,GO:0044260,GO:0044267,GO:0044464,GO:0050789,GO:0050794,GO:0050896,GO:0051716,GO:0060089,GO:0065007,GO:0071704,GO:0071944,GO:0140096,GO:1901564	ko:K04730,ko:K04733	ko04010,ko04064,ko04620,ko04621,ko04624,ko04722,ko05133,ko05140,ko05142,ko05145,ko05152,ko05162,ko05164,ko05169,map04010,map04064,map04620,map04621,map04624,map04722,map05133,map05140,map05142,map05145,map05152,map05162,map05164,map05169	T	COG0515@1|root,KOG1187@2759|Eukaryota,37HRN@33090|Viridiplantae,3GACW@35493|Streptophyta	3218.PP1S322_41V6.1	1.5e-180
7.60017515604963	3.2748022424608	1.75132971890404	0.00384047803086333	0.0174763558446205	g60										
45.0880711052239	1.5575806478203	0.662161438222422	0.00384455572709556	0.0174763558446205	g1992										
116.33392025442	1.26156175474907	0.512741958846758	0.0043715063062792	0.0195026024376109	g228	-	RING-variant domain	-	-	-	-	A	2CWQ5@1|root,2RUZ6@2759|Eukaryota,389PE@33090|Viridiplantae,34NZN@3041|Chlorophyta	38833.XP_003057709.1	1.07e-05
240.403484370927	1.39601070280845	0.5963335305634	0.0048718865832139	0.0214051253420649	g1922										
10303.6606060884	1.0447071359836	0.403439488705982	0.00488998532722678	0.0214178384697076	g774	-	Belongs to the universal ribosomal protein uS4 family	Ribosomal_S4,S4	GO:0003674,GO:0003676,GO:0003723,GO:0003735,GO:0005198,GO:0005488,GO:0005575,GO:0005622,GO:0005623,GO:0005737,GO:0005829,GO:0005840,GO:0005911,GO:0006417,GO:0006450,GO:0008150,GO:0009506,GO:0009889,GO:0009891,GO:0009893,GO:0010468,GO:0010556,GO:0010557,GO:0010604,GO:0010608,GO:0010628,GO:0015935,GO:0016020,GO:0019222,GO:0019843,GO:0022626,GO:0022627,GO:0030054,GO:0031323,GO:0031325,GO:0031326,GO:0031328,GO:0032268,GO:0032270,GO:0032991,GO:0034248,GO:0034250,GO:0043226,GO:0043228,GO:0043229,GO:0043232,GO:0044391,GO:0044422,GO:0044424,GO:0044444,GO:0044445,GO:0044446,GO:0044464,GO:0045727,GO:0045903,GO:0048518,GO:0048522,GO:0050789,GO:0050794,GO:0051171,GO:0051173,GO:0051246,GO:0051247,GO:0055044,GO:0060255,GO:0065007,GO:0065008,GO:0080090,GO:0097159,GO:1901363,GO:1990904,GO:2000112	ko:K02997	ko03010,map03010	J	COG0522@1|root,KOG3301@2759|Eukaryota,37HE0@33090|Viridiplantae,3GF0E@35493|Streptophyta	3218.PP1S91_122V6.1	1.5e-124
31.7530624244787	2.31871359384816	1.27711808058434	0.00492557642561257	0.0214433704812922	g121	-	Coprinopsis cinerea okayama7 130	Chromo,Peptidase_A2E,RVP_2,RVT_1,Retrotrans_gag,rve,zf-H2C2	GO:0003674,GO:0003824,GO:0003964,GO:0005575,GO:0005622,GO:0005623,GO:0005634,GO:0006139,GO:0006259,GO:0006278,GO:0006725,GO:0006807,GO:0008150,GO:0008152,GO:0009058,GO:0009059,GO:0009987,GO:0016740,GO:0016772,GO:0016779,GO:0018130,GO:0019438,GO:0034061,GO:0034641,GO:0034645,GO:0034654,GO:0043170,GO:0043226,GO:0043227,GO:0043229,GO:0043231,GO:0044237,GO:0044238,GO:0044249,GO:0044260,GO:0044271,GO:0044424,GO:0044464,GO:0046483,GO:0071704,GO:0071897,GO:0090304,GO:0140097,GO:1901360,GO:1901362,GO:1901576	-	-	L	COG2801@1|root,KOG0017@2759|Eukaryota,38F42@33154|Opisthokonta,3NVKU@4751|Fungi,3UXZ9@5204|Basidiomycota,3VEK4@5234|Tremellales	82508.K1VJP7	9.17e-11
41.883837129008	1.61480825111911	0.730568611792314	0.00491814341092296	0.0214433704812922	g844										
50.9642010117585	1.5263237103588	0.681118889310671	0.00518649845513663	0.0225112779332888	g1953										
1173.9706701016	1.01115214928434	0.400672369703623	0.00540163137547032	0.0233046431498585	g520	RMI1	RecQ-mediated genome instability protein	RMI1_C,RMI1_N	GO:0000003,GO:0000280,GO:0000712,GO:0006139,GO:0006259,GO:0006310,GO:0006725,GO:0006807,GO:0006996,GO:0007049,GO:0007059,GO:0007127,GO:0007131,GO:0008150,GO:0008152,GO:0009987,GO:0016043,GO:0022402,GO:0022414,GO:0034641,GO:0035825,GO:0043170,GO:0044237,GO:0044238,GO:0044260,GO:0045132,GO:0046483,GO:0048285,GO:0051304,GO:0051307,GO:0051321,GO:0061982,GO:0071704,GO:0071840,GO:0090304,GO:0098813,GO:0140013,GO:1901360,GO:1903046	ko:K10990	ko03460,map03460	S	2CM7N@1|root,2QPJ3@2759|Eukaryota,37J80@33090|Viridiplantae,3GBWY@35493|Streptophyta	3218.PP1S201_114V6.1	5.19e-256
250.450476699525	1.02604679147962	0.410545398324642	0.00548110691383738	0.0235769404860886	g942										
5.96028231953133	3.25323841742792	2.42416715550117	0.00551877591910872	0.0236683217245109	g1309										
5031.73028895889	1.12768056656358	0.460285105957194	0.00597544825587218	0.0251019500032514	g1207	-	Homeodomain protein	Homeobox,PHD	GO:0003674,GO:0003676,GO:0003677,GO:0003700,GO:0005488,GO:0005575,GO:0005622,GO:0005623,GO:0005634,GO:0006355,GO:0008150,GO:0009719,GO:0009725,GO:0009733,GO:0009889,GO:0009891,GO:0009893,GO:0010033,GO:0010468,GO:0010556,GO:0010557,GO:0010604,GO:0010628,GO:0019219,GO:0019222,GO:0031323,GO:0031325,GO:0031326,GO:0031328,GO:0042221,GO:0043226,GO:0043227,GO:0043229,GO:0043231,GO:0043565,GO:0044424,GO:0044464,GO:0045893,GO:0045935,GO:0048518,GO:0048522,GO:0050789,GO:0050794,GO:0050896,GO:0051171,GO:0051173,GO:0051252,GO:0051254,GO:0060255,GO:0065007,GO:0080090,GO:0097159,GO:0140110,GO:1901363,GO:1902680,GO:1903506,GO:1903508,GO:2000112,GO:2001141	-	-	K	KOG4299@1|root,KOG4299@2759|Eukaryota,37MR5@33090|Viridiplantae,3G8XF@35493|Streptophyta	3218.PP1S267_76V6.1	1.14e-216
27.357512793593	1.54228617495257	0.709215881884244	0.0059481663152456	0.0251019500032514	g1235										
47.2146810958858	1.50657105713101	0.687570010591026	0.00599885522937146	0.0251019500032514	g1940										
91.3078959128192	1.23036805343722	0.524951410638464	0.00613963484519031	0.0255699821153735	g1947	-	Belongs to the protein kinase superfamily	Pkinase	-	ko:K03083	ko01521,ko04012,ko04062,ko04110,ko04150,ko04151,ko04310,ko04340,ko04341,ko04360,ko04390,ko04510,ko04550,ko04657,ko04660,ko04662,ko04711,ko04722,ko04728,ko04910,ko04916,ko04917,ko04919,ko04931,ko04932,ko04934,ko05010,ko05160,ko05162,ko05164,ko05165,ko05166,ko05167,ko05169,ko05200,ko05210,ko05213,ko05215,ko05217,ko05224,ko05225,ko05226,map01521,map04012,map04062,map04110,map04150,map04151,map04310,map04340,map04341,map04360,map04390,map04510,map04550,map04657,map04660,map04662,map04711,map04722,map04728,map04910,map04916,map04917,map04919,map04931,map04932,map04934,map05010,map05160,map05162,map05164,map05165,map05166,map05167,map05169,map05200,map05210,map05213,map05215,map05217,map05224,map05225,map05226	T	COG0515@1|root,KOG0658@2759|Eukaryota,37IWS@33090|Viridiplantae,3G7U0@35493|Streptophyta	3218.PP1S74_168V6.1	3.33e-285
33.9313331785289	2.36352710481607	1.46977686653028	0.00627133146734444	0.0260431949407589	g1271	-	UPF0392 protein	Glyco_transf_92,zf-C3HC4	-	-	-	O	COG2802@1|root,KOG4159@2759|Eukaryota,388R2@33090|Viridiplantae,3G77C@35493|Streptophyta	3218.PP1S160_150V6.1	1.52e-192
677.788369898577	1.39645739075798	0.622427422222119	0.0063601420506908	0.0263361054455329	g16	-	Pentatricopeptide repeat-containing protein At3g09650	PPR,PPR_2,PPR_3	GO:0003674,GO:0003676,GO:0003723,GO:0003729,GO:0003824,GO:0004518,GO:0004519,GO:0005488,GO:0005575,GO:0005622,GO:0005623,GO:0005737,GO:0006139,GO:0006396,GO:0006397,GO:0006725,GO:0006807,GO:0008150,GO:0008152,GO:0009451,GO:0009507,GO:0009532,GO:0009536,GO:0009570,GO:0009987,GO:0010467,GO:0016070,GO:0016071,GO:0016787,GO:0016788,GO:0034641,GO:0043170,GO:0043226,GO:0043227,GO:0043229,GO:0043231,GO:0043412,GO:0044237,GO:0044238,GO:0044422,GO:0044424,GO:0044434,GO:0044435,GO:0044444,GO:0044446,GO:0044464,GO:0046483,GO:0071704,GO:0090304,GO:0090305,GO:0097159,GO:1901360,GO:1901363	-	-	S	KOG4197@1|root,KOG4197@2759|Eukaryota,37R8Y@33090|Viridiplantae,3G8FN@35493|Streptophyta	3218.PP1S128_117V6.1	4.69e-306
258.923337872852	1.00345724473229	0.414189227067634	0.00696565230978489	0.0280469934124183	g179	-	60S ribosomal Protein	Ribosomal_L21e	GO:0003674,GO:0003735,GO:0005198,GO:0005575,GO:0005622,GO:0005623,GO:0005634,GO:0005730,GO:0005737,GO:0005829,GO:0005840,GO:0006412,GO:0006518,GO:0006807,GO:0008150,GO:0008152,GO:0009058,GO:0009059,GO:0009507,GO:0009536,GO:0009987,GO:0010467,GO:0015934,GO:0019538,GO:0022625,GO:0022626,GO:0031974,GO:0031981,GO:0032991,GO:0034641,GO:0034645,GO:0043043,GO:0043170,GO:0043226,GO:0043227,GO:0043228,GO:0043229,GO:0043231,GO:0043232,GO:0043233,GO:0043603,GO:0043604,GO:0044237,GO:0044238,GO:0044249,GO:0044260,GO:0044267,GO:0044271,GO:0044391,GO:0044422,GO:0044424,GO:0044428,GO:0044444,GO:0044445,GO:0044446,GO:0044464,GO:0070013,GO:0071704,GO:1901564,GO:1901566,GO:1901576,GO:1990904	ko:K02889	ko03010,map03010	J	COG2139@1|root,KOG1732@2759|Eukaryota,37P3J@33090|Viridiplantae,3GBHC@35493|Streptophyta	3218.PP1S91_107V6.1	3.11e-09
10.9025094324068	3.13199354976834	2.85088875552328	0.00721882632602761	0.028735714739795	g1105										
31.2445756900548	1.69444487318335	0.856182985140443	0.00731963668847868	0.028976913373895	g2042										
467.079701457444	1.00496457749147	0.418405750432461	0.00741802043573879	0.0292859382134236	g1850	-	Chaperone protein DNAj	DUF3395,DnaJ	GO:0000003,GO:0003006,GO:0005575,GO:0005622,GO:0005623,GO:0005737,GO:0007275,GO:0008150,GO:0009314,GO:0009416,GO:0009536,GO:0009628,GO:0009642,GO:0009791,GO:0010228,GO:0022414,GO:0032501,GO:0032502,GO:0043226,GO:0043227,GO:0043229,GO:0043231,GO:0044424,GO:0044444,GO:0044464,GO:0048608,GO:0048731,GO:0048856,GO:0050896,GO:0055122,GO:0061458	ko:K09531	-	O	COG0484@1|root,KOG0718@2759|Eukaryota,37M85@33090|Viridiplantae,3GCF5@35493|Streptophyta	3218.PP1S159_11V6.1	1.38e-208
129.61617934924	1.04509911349265	0.441983544621962	0.00774695224612638	0.0304906058361114	g1296	-	Belongs to the eukaryotic ribosomal protein eL38 family	Ribosomal_L38e	GO:0003674,GO:0003676,GO:0003723,GO:0003735,GO:0005198,GO:0005488,GO:0005575,GO:0005622,GO:0005623,GO:0005737,GO:0005829,GO:0005840,GO:0006412,GO:0006518,GO:0006807,GO:0008150,GO:0008152,GO:0009058,GO:0009059,GO:0009987,GO:0010467,GO:0015934,GO:0016043,GO:0019538,GO:0022607,GO:0022613,GO:0022618,GO:0022625,GO:0022626,GO:0032991,GO:0034622,GO:0034641,GO:0034645,GO:0043043,GO:0043170,GO:0043226,GO:0043228,GO:0043229,GO:0043232,GO:0043603,GO:0043604,GO:0043933,GO:0044085,GO:0044237,GO:0044238,GO:0044249,GO:0044260,GO:0044267,GO:0044271,GO:0044391,GO:0044422,GO:0044424,GO:0044444,GO:0044445,GO:0044446,GO:0044464,GO:0065003,GO:0071704,GO:0071826,GO:0071840,GO:0097159,GO:1901363,GO:1901564,GO:1901566,GO:1901576,GO:1990904	ko:K02923	ko03010,map03010	J	KOG3499@1|root,KOG3499@2759|Eukaryota,37VZR@33090|Viridiplantae,3GK1H@35493|Streptophyta,4JQTP@91835|fabids	3880.AES89012	1.94e-31
846.660535723358	1.2588968952443	0.565035399640358	0.00796083895699048	0.0309657050965128	g333	-	This is a component of the ubiquinol-cytochrome c reductase complex (complex III or cytochrome b-c1 complex), which is part of the mitochondrial respiratory chain. This protein may mediate formation of the complex between cytochromes c and c1	UCR_hinge	GO:0005575,GO:0005622,GO:0005623,GO:0005737,GO:0005739,GO:0005740,GO:0005743,GO:0016020,GO:0019866,GO:0031090,GO:0031966,GO:0031967,GO:0031975,GO:0043226,GO:0043227,GO:0043229,GO:0043231,GO:0044422,GO:0044424,GO:0044429,GO:0044444,GO:0044446,GO:0044464	ko:K00416	ko00190,ko01100,ko04260,ko04714,ko04932,ko05010,ko05012,ko05016,map00190,map01100,map04260,map04714,map04932,map05010,map05012,map05016	C	KOG4763@1|root,KOG4763@2759|Eukaryota,37W7N@33090|Viridiplantae,3GK5Y@35493|Streptophyta	72664.XP_006398494.1	5.97e-26
788.481378032282	1.35072508023925	0.626078364377481	0.0080889587756138	0.0313338429990847	g2194	-	Transcription factor	AP2	-	ko:K09286	-	K	28PHQ@1|root,2QW5S@2759|Eukaryota,37TGX@33090|Viridiplantae,3GHGV@35493|Streptophyta	3218.PP1S14_196V6.1	6.11e-36
123.398089294074	1.65465815771503	0.871764081926226	0.00884765658651674	0.0334631840975607	g678										
29.2114376585591	1.62791151144453	0.862341153316749	0.00956107381407116	0.0354177567251325	g1593										
200.145313329331	1.64743071863953	0.889875816160745	0.0096277396635134	0.0355732637310841	g1267	-	Em-like protein	LEA_5	GO:0000003,GO:0001101,GO:0003006,GO:0005575,GO:0005622,GO:0005623,GO:0005737,GO:0005829,GO:0007275,GO:0008150,GO:0009719,GO:0009725,GO:0009737,GO:0009791,GO:0010033,GO:0010154,GO:0022414,GO:0032501,GO:0032502,GO:0033993,GO:0042221,GO:0044424,GO:0044444,GO:0044464,GO:0048316,GO:0048608,GO:0048731,GO:0048856,GO:0050896,GO:0061458,GO:0097305,GO:1901700	-	-	S	2C76B@1|root,2S1DH@2759|Eukaryota,37VCW@33090|Viridiplantae,3GJBU@35493|Streptophyta,4JQ5R@91835|fabids	981085.XP_010104242.1	1.42e-19
21.8862017361403	1.55831448416063	0.813274757959378	0.0101410598756635	0.0372787430633447	g611										
102.181611083747	1.00384622644642	0.441184291653068	0.0102753711772392	0.0376763609832102	g950										
8.65059420337588	2.346580870017	1.79320498999419	0.0103216750544416	0.0377500856686558	g2217	-	Kelch-like protein	Dev_Cell_Death,Kelch_1,Kelch_5	GO:0008150,GO:0008582,GO:0040008,GO:0044087,GO:0045886,GO:0045926,GO:0048519,GO:0048523,GO:0048638,GO:0048640,GO:0050789,GO:0050793,GO:0050794,GO:0050803,GO:0050807,GO:0051093,GO:0051128,GO:0051129,GO:0051239,GO:0051241,GO:0051960,GO:0051961,GO:0051963,GO:0051964,GO:0065007,GO:0065008,GO:1904396,GO:1904397,GO:1905809,GO:2000026	ko:K10442,ko:K10446,ko:K10457	-	S	KOG1072@1|root,KOG1072@2759|Eukaryota,37PPB@33090|Viridiplantae,3GA9D@35493|Streptophyta,44DCJ@71274|asterids	4096.XP_009782881.1	1.02e-12
16.2282600673305	1.67165370775675	0.926692147268687	0.010572585836538	0.0382791361569128	g20	DYNLRB2	Dynein, light chain, roadblock-type 2	Robl_LC7	GO:0000902,GO:0000904,GO:0003674,GO:0003774,GO:0003777,GO:0003824,GO:0005488,GO:0005515,GO:0005575,GO:0005622,GO:0005623,GO:0005694,GO:0005737,GO:0005813,GO:0005815,GO:0005819,GO:0005856,GO:0005858,GO:0005868,GO:0005874,GO:0005875,GO:0005876,GO:0005929,GO:0005930,GO:0005938,GO:0006810,GO:0006928,GO:0006996,GO:0007017,GO:0007018,GO:0007275,GO:0007399,GO:0007417,GO:0007420,GO:0008150,GO:0009653,GO:0009987,GO:0010970,GO:0015630,GO:0016043,GO:0016319,GO:0016358,GO:0016462,GO:0016787,GO:0016817,GO:0016818,GO:0016887,GO:0017111,GO:0022008,GO:0022607,GO:0030030,GO:0030031,GO:0030154,GO:0030182,GO:0030286,GO:0030705,GO:0031175,GO:0031503,GO:0032501,GO:0032502,GO:0032838,GO:0032989,GO:0032990,GO:0032991,GO:0035735,GO:0036157,GO:0042073,GO:0042623,GO:0042995,GO:0043226,GO:0043228,GO:0043229,GO:0043232,GO:0044085,GO:0044422,GO:0044424,GO:0044430,GO:0044441,GO:0044444,GO:0044446,GO:0044447,GO:0044463,GO:0044464,GO:0044782,GO:0045505,GO:0046907,GO:0048468,GO:0048471,GO:0048513,GO:0048666,GO:0048667,GO:0048699,GO:0048731,GO:0048812,GO:0048813,GO:0048856,GO:0048858,GO:0048869,GO:0051179,GO:0051234,GO:0051641,GO:0051649,GO:0060271,GO:0060322,GO:0070925,GO:0071840,GO:0071944,GO:0097014,GO:0097542,GO:0099080,GO:0099081,GO:0099111,GO:0099512,GO:0099513,GO:0099568,GO:0120025,GO:0120031,GO:0120036,GO:0120038,GO:0120039,GO:1902494	ko:K10419	-	DN	KOG4115@1|root,KOG4115@2759|Eukaryota,3A3F9@33154|Opisthokonta,3BRCD@33208|Metazoa,3D83H@33213|Bilateria,48F9Q@7711|Chordata,49C31@7742|Vertebrata,4A43T@7898|Actinopterygii	144197.XP_008299115.1	3.73e-13
9635.44352596046	1.27378607736541	0.61239178013155	0.0105376702680661	0.0382791361569128	g691	-	alpha-dioxygenase	An_peroxidase	GO:0001676,GO:0003674,GO:0003824,GO:0006082,GO:0006629,GO:0006631,GO:0007275,GO:0007568,GO:0008150,GO:0008152,GO:0009987,GO:0010150,GO:0016491,GO:0019752,GO:0032501,GO:0032502,GO:0032787,GO:0043436,GO:0044237,GO:0044238,GO:0044255,GO:0044281,GO:0048366,GO:0048367,GO:0048731,GO:0048827,GO:0048856,GO:0051213,GO:0055114,GO:0071704,GO:0090693,GO:0099402	ko:K10529	ko00592,map00592	S	KOG2408@1|root,KOG2408@2759|Eukaryota,37IX6@33090|Viridiplantae,3GDF8@35493|Streptophyta	3218.PP1S159_20V6.1	0
203.216465770432	1.06039199237719	0.483384422734896	0.0115317707339726	0.0407286314403297	g344	-	vacuolar proton-transporting V-type ATPase complex assembly	V_ATPase_I	GO:0000139,GO:0000323,GO:0000325,GO:0000331,GO:0003674,GO:0003824,GO:0005215,GO:0005488,GO:0005515,GO:0005575,GO:0005622,GO:0005623,GO:0005737,GO:0005739,GO:0005764,GO:0005765,GO:0005768,GO:0005773,GO:0005774,GO:0005794,GO:0005798,GO:0005802,GO:0005886,GO:0006139,GO:0006163,GO:0006164,GO:0006725,GO:0006753,GO:0006754,GO:0006793,GO:0006796,GO:0006807,GO:0006810,GO:0006811,GO:0006812,GO:0006873,GO:0006875,GO:0006882,GO:0006885,GO:0006897,GO:0006909,GO:0006911,GO:0007035,GO:0008150,GO:0008152,GO:0008324,GO:0009058,GO:0009117,GO:0009123,GO:0009124,GO:0009126,GO:0009127,GO:0009141,GO:0009142,GO:0009144,GO:0009145,GO:0009150,GO:0009152,GO:0009156,GO:0009161,GO:0009165,GO:0009167,GO:0009168,GO:0009199,GO:0009201,GO:0009205,GO:0009206,GO:0009259,GO:0009260,GO:0009507,GO:0009526,GO:0009536,GO:0009678,GO:0009705,GO:0009941,GO:0009987,GO:0010008,GO:0010324,GO:0012505,GO:0012506,GO:0012510,GO:0015075,GO:0015077,GO:0015078,GO:0015318,GO:0015399,GO:0015405,GO:0015672,GO:0015985,GO:0015986,GO:0016020,GO:0016043,GO:0016192,GO:0016462,GO:0016469,GO:0016471,GO:0016787,GO:0016817,GO:0016818,GO:0016887,GO:0017111,GO:0017144,GO:0018130,GO:0019438,GO:0019637,GO:0019693,GO:0019725,GO:0019829,GO:0019899,GO:0022607,GO:0022804,GO:0022853,GO:0022857,GO:0022890,GO:0030003,GO:0030004,GO:0030133,GO:0030135,GO:0030136,GO:0030139,GO:0030140,GO:0030641,GO:0030658,GO:0030659,GO:0030660,GO:0030662,GO:0030665,GO:0030666,GO:0030670,GO:0031090,GO:0031164,GO:0031410,GO:0031967,GO:0031975,GO:0031982,GO:0031984,GO:0032009,GO:0032119,GO:0032588,GO:0032991,GO:0033176,GO:0034220,GO:0034622,GO:0034641,GO:0034654,GO:0036442,GO:0042470,GO:0042592,GO:0042623,GO:0042625,GO:0042626,GO:0043181,GO:0043226,GO:0043227,GO:0043229,GO:0043231,GO:0043492,GO:0043933,GO:0044085,GO:0044237,GO:0044238,GO:0044249,GO:0044271,GO:0044281,GO:0044422,GO:0044424,GO:0044425,GO:0044431,GO:0044433,GO:0044434,GO:0044435,GO:0044437,GO:0044440,GO:0044444,GO:0044446,GO:0044464,GO:0044769,GO:0045335,GO:0045735,GO:0045851,GO:0046034,GO:0046390,GO:0046483,GO:0046916,GO:0046961,GO:0048770,GO:0048878,GO:0050801,GO:0051117,GO:0051179,GO:0051234,GO:0051235,GO:0051238,GO:0051452,GO:0051453,GO:0051641,GO:0051651,GO:0055065,GO:0055067,GO:0055069,GO:0055076,GO:0055080,GO:0055082,GO:0055085,GO:0055086,GO:0061024,GO:0065003,GO:0065007,GO:0065008,GO:0070070,GO:0070071,GO:0070072,GO:0071704,GO:0071840,GO:0071944,GO:0072503,GO:0072507,GO:0072521,GO:0072522,GO:0090407,GO:0090662,GO:0097708,GO:0098588,GO:0098655,GO:0098657,GO:0098660,GO:0098662,GO:0098771,GO:0098791,GO:0098796,GO:0098805,GO:0098852,GO:0099024,GO:0099131,GO:0099132,GO:1901135,GO:1901137,GO:1901293,GO:1901360,GO:1901362,GO:1901564,GO:1901566,GO:1901576,GO:1902600	ko:K02154	ko00190,ko01100,ko04142,ko04145,ko04721,ko04966,ko05110,ko05120,ko05152,ko05165,ko05323,map00190,map01100,map04142,map04145,map04721,map04966,map05110,map05120,map05152,map05165,map05323	U	COG1269@1|root,KOG2189@2759|Eukaryota	3218.PP1S115_183V6.1	0
14.8631489978271	1.6304334551841	0.930816966652393	0.0123130156954132	0.0425492940457804	g2001										
51.956737063097	1.52993606246067	0.874268637685594	0.0137487837660959	0.0462897135676267	g1839										
